,A,B,C,D
2000-01-01,-1.1196620329138216,0.6816779925227403,0.8104934052346153,-0.5420269795279389
2000-01-02,-1.7562768502694595,-0.14509763613038418,1.5536371488900738,0.5809938503032772
2000-01-03,0.047877819866829485,-0.28688519327758555,0.9763883060062467,0.934188250851943
2000-01-04,-2.1323841113035655,0.09591181081418981,0.41128098527635526,-0.1721675432777594
2000-01-05,-1.6146820021276378,0.031133144369843657,0.5144903769014119,-0.010237684789035334
2000-01-06,-3.334666472834691,-0.3161750501647588,0.795395254646788,-0.09040028790903543
2000-01-07,-4.764338902234342,0.5348687304742734,0.45450262742767855,1.6432042161489444
2000-01-08,-3.484458942421803,-1.5873796761511505,-0.35289854475914173,3.379898225285155
2000-01-09,-3.239663526185787,-2.2182297750929707,-0.5604951840150363,3.747742691674298
2000-01-10,-3.903950435268585,-2.461777980308439,1.8138242150870727,4.488408702494004
2000-01-11,-4.965834053777479,-3.5463219294290673,3.7901160156210554,4.902447016890999
2000-01-12,-4.656124692853683,-3.412237462456577,5.275789005052031,0.31404714451077087
2000-01-13,-4.7787477010118105,-2.013204798434058,3.1000194315834535,-1.5747035209084277
2000-01-14,-3.8164682018349945,-4.000160892599212,3.8813132625967475,-0.4088544402099188
2000-01-15,-1.9948005385985197,-5.092400126556139,4.38041684248559,-0.5832815965964461
2000-01-16,-2.5488547430942807,-4.182012316765248,5.060615954891661,0.6279880280385374
2000-01-17,-2.7966767298712583,-4.148426860408441,5.9091982395839935,0.5625856183801826
2000-01-18,-4.139199943257397,-3.3413859349031103,6.396573411859002,0.7166265405312757
2000-01-19,-2.933169060688285,-3.859781387996567,8.749563128853948,1.6815917236781375
2000-01-20,-0.726960138443101,-3.2944292246325455,9.071052627764159,1.0732222482763534
2000-01-21,-1.4166974212990335,-2.2956044784673666,8.4485385813118,0.4536622270592394
2000-01-22,0.0649891536008309,-3.131124858811859,7.785803598203971,0.5844694082253681
2000-01-23,-0.33695986199078376,-2.855401138306427,6.721594891081692,-0.31311920112310143
2000-01-24,-1.759629795080254,-3.2851769789274288,6.403664764025112,0.46806298030265725
2000-01-25,-1.8288113196964881,-1.3017474508894535,5.7989912308631695,0.35828662315579857
2000-01-26,-0.7634700309735485,-1.831086697074329,5.988146222865617,1.668037170291197
2000-01-27,-0.735186236950519,-2.4671958956021016,6.2035200812403515,-0.07497905256466142
2000-01-28,-1.2239337529474048,-3.258282299911112,7.046265790982666,-0.2723990287389477
2000-01-29,-0.8044999059596616,-1.8492896944797421,7.760548933870371,0.4468058515633183
2000-01-30,-1.0972487144664314,-2.9381260779694713,8.933409955454781,0.1217068488863115
2000-01-31,-1.477780970572037,-1.8887603943394033,7.2105405234587,-0.47551985145905057
2000-02-01,-1.4682665313169914,-3.5022123277593558,8.321589174226768,-3.0061291578269875
2000-02-02,0.22135487748194405,-2.113401201463669,8.649467997039343,-4.496763239659952
2000-02-03,-1.1147691787537002,-1.6916653351360067,9.002505607157463,-4.161174636095569
2000-02-04,-0.6101068263827774,-2.3233452730661366,8.70320485412715,-5.51849543745036
2000-02-05,0.6170893946844835,-2.9467007030157344,8.09173952999498,-5.511286584880882
2000-02-06,3.351629178788585,-3.1163717105732025,8.673943268764134,-5.59460494247199
2000-02-07,3.616118279499186,-3.683050133043381,8.312850494963698,-6.718452664641526
2000-02-08,4.070152397574202,-3.435547808911961,7.882271686581779,-5.268989892011304
2000-02-09,2.8624437394112947,-5.076002130075631,8.646523716393432,-5.9629828657423305
2000-02-10,2.3018632325201747,-4.427255794871952,8.961621954714369,-6.137030434889818
2000-02-11,0.9051438435839949,-3.7583234554694127,9.608680987731459,-5.62762903521601
2000-02-12,1.017606330938183,-4.193319847313658,11.042663985647007,-5.295632685123805
2000-02-13,2.207216624989658,-4.235862724707807,8.85701624304469,-4.268332057133183
2000-02-14,4.51652408895307,-3.106472157599038,7.6632703955568235,-5.4170597978377995
2000-02-15,3.7724288029611173,-2.6399220133026176,7.081357050977609,-6.524149841413775
2000-02-16,1.5353851501887172,-3.8561379988429714,8.788645193232224,-6.543228061881691
2000-02-17,2.3500689148810396,-4.054885231311802,9.689711727464385,-4.80779342848597
2000-02-18,1.8016278024221428,-4.877729936530338,9.657330292251377,-4.26430797921228
2000-02-19,1.5115954264099756,-4.630837612584735,8.918480672237676,-3.9932048725081337
2000-02-20,3.683911332759909,-5.466316751731629,7.648937219573294,-5.800643321876038
2000-02-21,3.4975647458272268,-4.234983206001486,7.675539378126235,-5.84701527830227
2000-02-22,2.967856740091997,-3.1214683335084974,7.234491307259078,-6.785512959219357
2000-02-23,2.455342170513754,-2.642364216100835,7.666867213823499,-6.53930857793987
2000-02-24,3.0811600964359642,-2.9043757694604184,5.884219437951934,-6.861722899896462
2000-02-25,3.2593710981514676,-3.4977843273929956,6.489471363536891,-7.249121553762848
2000-02-26,3.535416670694378,-4.515104130652807,8.352277886619424,-5.8608463475811465
2000-02-27,3.993721876492395,-3.4686846834744163,10.047894834767842,-6.441334971890987
2000-02-28,5.520688017773651,-3.2392450602234666,9.263679169262554,-5.608758697085506
2000-02-29,4.34053333202752,-4.019923884574091,10.758413647104316,-5.333741882605358
2000-03-01,5.01357307769674,-4.978921706488698,10.847245400270417,-3.232839051313222
2000-03-02,2.9521598475769975,-4.450627554476987,11.891437866111747,-2.8891858314041983
2000-03-03,1.299230569330928,-4.579835818050435,12.409034339176777,-2.925834433736849
2000-03-04,0.7937106982050977,-3.358790013234009,12.65508549191368,-4.059558045204366
2000-03-05,-0.9338652555422642,-2.566395973348633,10.731088938325472,-4.952906102203863
2000-03-06,-0.4440226562950936,-0.013505505004608231,10.657265805258222,-6.048683750956272
2000-03-07,-0.674978075697916,0.8672675837559828,9.319893828777174,-5.020239787529674
2000-03-08,-1.363644826010132,1.5775613531112538,9.958048335339347,-5.08184248256575
2000-03-09,-0.6733524018140173,-0.4165749980023632,9.99599383003744,-4.003142819735212
2000-03-10,0.03593764846931735,-2.636056944498583,9.915168059680566,-4.489413852670716
2000-03-11,1.1287087559191247,-2.069871060930547,9.471352839448851,-3.2038304096523795
2000-03-12,0.33327736925971685,-2.276521831857784,9.458635883589999,-4.023595191859646
2000-03-13,0.2502549227817672,-2.49421497733831,8.266404392895108,-2.981883677213432
2000-03-14,1.6751883859071715,-2.1658165629108246,6.366095261808775,-1.208104209933347
2000-03-15,1.0754064809587212,-2.821903288512847,5.514297112207789,-0.5740211975286996
2000-03-16,1.602152027462349,-4.865146590163382,4.1331540496347445,0.06382450794333483
2000-03-17,1.4088775820850974,-6.780929278369027,2.540092359464185,-1.4852651544423245
2000-03-18,1.7077834270236372,-4.487422900756095,0.4656401328513957,-1.554325157915555
2000-03-19,0.8611975409599621,-2.529126331207124,1.469918315887055,-3.034821674958724
2000-03-20,1.7258587743424165,-4.800570496554707,1.0550682933997149,-3.8585542912733475
2000-03-21,1.5999675348967364,-2.239663849628203,-0.16216517415933396,-3.3621029012977224
2000-03-22,2.972802697355983,-3.597233062126001,-0.19809379344340639,-1.6071179315927406
2000-03-23,3.926028403139469,-4.2735165627698635,-1.0595801501281863,-2.568031602910128
2000-03-24,4.80729750042516,-4.70651255155989,-1.8779606688225514,-1.9453887233772527
2000-03-25,3.9921186614928192,-5.296039672454617,-1.879513119747925,-1.6685718267578524
2000-03-26,5.725159356723642,-5.440742250556994,-2.4462653321730716,-1.656506200283802
2000-03-27,4.8315432638376,-7.916417201321542,-1.460864460508933,-1.833420290220375
2000-03-28,5.009474221913519,-8.583545620383282,-1.2040845975792482,-1.2566822682970191
2000-03-29,3.995957307069803,-6.551760211508766,0.39266938781013616,-1.331945681889711
2000-03-30,3.1833157730086135,-6.189533321426918,-1.1159219586143483,0.5203763927973779
2000-03-31,4.273315735104721,-4.5516754468803455,-2.2463888567364974,1.8556376458482926
2000-04-01,4.612693651486043,-1.697772387641332,-0.8312686706969306,0.8309238850205996
2000-04-02,2.4964756915545725,-2.9354173114177433,-1.2770788644578501,0.8467004014634705
2000-04-03,3.4424629799208524,-3.4725692167088504,-4.002588982244469,0.9432979223925484
2000-04-04,3.6236265865784816,-3.384107097566425,-4.584877393601951,1.1093742949583847
2000-04-05,2.763479580702244,-3.834753636651859,-3.2367829964818395,0.20354988693157217
2000-04-06,1.2912290463031122,-6.594547403454648,-3.1966499280746725,0.6343995492839152
2000-04-07,1.1431432930742706,-5.627673027251214,-1.1295598231939987,0.5369687193599915
2000-04-08,0.9432168558438976,-5.911945137123427,0.07349619917199135,-0.13586805905683808
2000-04-09,0.7462315853582828,-5.885462608737767,1.2446173260794129,0.30328792603104193
2000-04-10,0.6248065138905676,-6.234753825209124,-0.30637478241217764,-0.6344552414552838
2000-04-11,-0.6531242479692367,-6.895348464873673,-0.17189908965053283,-0.16660529338840563
2000-04-12,-1.6840838971305494,-6.482714111311578,-0.4256373247369841,1.218251918595372
2000-04-13,-1.403575971410738,-6.1652299985082,-1.546611536017871,1.8938993328959897
2000-04-14,-1.4430641700528626,-6.425297653267636,-1.9640399143794316,0.7481537678243151
2000-04-15,-2.5974573369498914,-7.6071429855564,-3.08095584187238,-0.08521632363406939
2000-04-16,-3.4171542038947966,-7.441823257404858,-3.707648241216021,-0.2703448930456469
2000-04-17,-4.092316818659809,-8.712232509017472,-3.0346202938026647,-0.895950098308662
2000-04-18,-4.322405480625234,-7.28759532618787,-3.6550965754047144,-0.843308502798756
2000-04-19,-3.748070359585631,-6.845271751609571,-2.6002495340034555,-1.5312578629780216
2000-04-20,-3.409504897656825,-7.842779525439936,-1.772378437397336,-2.3807865544052036
2000-04-21,-3.4980454779332604,-8.471592051540782,-0.9621058591805745,-1.0104743560825051
2000-04-22,-5.213737316059498,-8.94569523243534,-2.72222295229465,-0.687515641199525
2000-04-23,-4.490191340890603,-9.547883051454782,-3.6071116895209308,-1.1252371325373098
2000-04-24,-7.842252852925025,-8.349695955887622,-3.359570547077184,-2.785618421183095
2000-04-25,-8.744066993143917,-8.31032275627132,-1.1496645367672804,-1.9946771019719445
2000-04-26,-8.658292510587039,-9.47771194503116,-0.952986436179845,-1.386087836122468
2000-04-27,-8.418765613360334,-9.011140917594409,-1.130270782501108,-0.37217190497667874
2000-04-28,-9.463902812183445,-8.82957042970347,-1.7354771348414286,1.5050734681353222
2000-04-29,-10.221396683655001,-9.262339415933562,-0.8280147424751015,0.3711100303748065
2000-04-30,-9.040152407761912,-10.668531189647467,0.8795833726207839,0.07379343817764733
2000-05-01,-7.998863502961744,-11.074878389367472,0.9178790192584565,0.30843563005259533
2000-05-02,-9.574940963535658,-11.452065051572683,0.6641562612850151,-0.32723324365767636
2000-05-03,-8.945745903921663,-10.927271525655547,-0.7515975280341525,-0.9526882683594182
2000-05-04,-10.537598470762575,-11.48730535018785,0.7657868770574345,-1.2592693574175042
2000-05-05,-9.729094964838023,-10.01091748144887,-0.7610469402177016,-1.3382408177275427
2000-05-06,-8.729417330816005,-10.61309369409433,-0.752514075744397,-0.40519123182647987
2000-05-07,-9.468820362018754,-10.310551469657021,-1.2648480659208357,-0.6524766336668499
2000-05-08,-10.2941712464622,-10.066747148691881,-1.0662642452686715,-1.9016612625358933
2000-05-09,-10.262060336967785,-9.981857422169055,-1.911082323557251,-0.09143936570968347
2000-05-10,-8.80877475133265,-10.165019607507185,-1.710411985840569,0.4030536928615139
2000-05-11,-7.8720873932411095,-11.702561828055135,-3.216246164899114,0.5517725520730687
2000-05-12,-8.32016719508981,-12.931929586954462,-2.6314306722285035,0.25979949140878916
2000-05-13,-9.22485701092946,-13.151522704738923,-3.9825752488373123,0.8560361327099719
2000-05-14,-7.443963559257293,-13.490746251121303,-4.4296887064848525,0.827327201033813
2000-05-15,-6.833266665683619,-15.472166572527211,-5.056589374776675,0.1808371331381594
2000-05-16,-6.966771210797886,-14.44851281747555,-5.833681434900238,-0.2514828334266771
2000-05-17,-4.840448305058603,-13.766769241450302,-6.6407031779091446,-1.931329136311089
2000-05-18,-3.6571795721029763,-13.014795743740867,-7.186833525535896,-2.7905635803240267
2000-05-19,-3.500060592455103,-12.041602765317776,-5.666607404954155,-2.0817538035299012
2000-05-20,-3.90838563268096,-11.555933459170076,-6.282760447095503,-0.22875713124739794
2000-05-21,-3.133583161267705,-11.92864253349971,-6.477987313197862,-1.6142726089802422
2000-05-22,-5.789018279302974,-12.119353745660794,-8.488866797821547,-2.9819563489413703
2000-05-23,-7.453288068729158,-14.146667131440639,-7.258609847860381,-2.4991269714896958
2000-05-24,-6.722301238729582,-12.680421154423977,-8.22757831071362,-3.4823753679304903
2000-05-25,-6.050649242024727,-13.929227673444514,-7.986808942150359,-4.921796440184682
2000-05-26,-7.618408489757045,-13.487264556979842,-8.83386098739344,-3.586463097392511
2000-05-27,-9.634808035501269,-13.754761410495142,-7.876749108700425,-2.51878246390919
2000-05-28,-8.999599498332476,-13.746102151517341,-9.164703594074044,-1.2055103496419028
2000-05-29,-9.888858222069622,-15.936255828903063,-8.994593341758115,-1.0972105606947873
2000-05-30,-10.285319930664604,-15.909621063593837,-8.8380874325057,-0.3660534335344574
2000-05-31,-10.011217190981816,-14.75067822127407,-7.024597211147713,-1.7073883710669207
2000-06-01,-10.610864362582952,-15.656806597405756,-5.762950711170647,-1.5495429022352876
2000-06-02,-11.575601800055887,-15.458485662137234,-7.461718981257947,-1.5355791289172258
2000-06-03,-12.243025054850232,-16.426000879571326,-9.896859010678467,-1.5734451731401096
2000-06-04,-12.689027602712217,-16.31069288643092,-11.43542135737616,-3.076272536094126
2000-06-05,-13.564350127863289,-15.998279623156366,-10.249872064593706,-4.382498093814272
2000-06-06,-13.373795551634672,-16.284684052737195,-10.091063078826046,-1.975108816898996
2000-06-07,-12.923768940401278,-14.909260396290687,-9.588356244200412,-2.5335175086165194
2000-06-08,-13.404349844532854,-15.191958824768909,-9.628407537330611,-3.001651817515612
2000-06-09,-12.780692683012552,-16.142276170886422,-8.756137562443625,-2.815072234419736
2000-06-10,-13.612627162324358,-17.876324072794922,-9.461061650939744,-3.003860380419846
2000-06-11,-14.308867765101756,-17.38557276968973,-8.197702144755773,-4.479675467818152
2000-06-12,-12.605026444937085,-17.701506921251312,-7.042437676403088,-2.868623146787205
2000-06-13,-11.464678491837997,-17.899104875253062,-8.355030290670896,-2.2340232045860953
2000-06-14,-10.506415366296132,-17.802503052818068,-7.702001867602042,-3.0237720499897804
2000-06-15,-9.913274792080083,-18.923441298142333,-5.959378914314675,-3.5921857384076015
2000-06-16,-10.655970612310185,-20.262706318978342,-6.381601886991078,-4.48320177733306
2000-06-17,-9.321702566038942,-19.672589255218867,-7.832187602350231,-6.320116687495609
2000-06-18,-8.418803134735741,-18.849545414364343,-7.139310328975442,-7.182309206013503
2000-06-19,-8.166698453101883,-21.123440723894355,-6.666846304110764,-6.591226020847728
2000-06-20,-9.118305615039382,-22.03143219837192,-5.564840636144585,-6.822854027572888
2000-06-21,-8.254612766424613,-22.944033038890517,-5.632797797159587,-6.00588500951708
2000-06-22,-9.114833229943166,-23.098999063621118,-5.417733344432034,-5.46880390807359
2000-06-23,-9.183385062075915,-23.04336166965165,-4.472061500003919,-5.441090882173708
2000-06-24,-9.794925335197819,-23.943860559195414,-5.294996132381417,-7.662183474763818
2000-06-25,-11.630842768191748,-24.044893218310904,-4.595173713316834,-7.497891506645588
2000-06-26,-11.035087549268855,-21.073911462350893,-5.137636017762052,-8.095163537369126
2000-06-27,-11.22490273415137,-21.869094021819283,-4.502804184581484,-7.753359637800712
2000-06-28,-11.302677416273282,-22.823684023145066,-3.457761552891569,-6.7296619833726545
2000-06-29,-10.806789645187074,-24.77400007897585,-3.61539209488685,-8.197621868620875
2000-06-30,-9.913608770833008,-25.966583784858923,-3.6058882678763537,-7.225464826549833
2000-07-01,-9.930586000240233,-23.808627481461073,-3.58643102606693,-6.694573942282364
2000-07-02,-10.137807808973692,-24.301992655091308,-4.491853775292881,-7.608155187484075
2000-07-03,-10.594352971137146,-25.05945827871258,-3.6847956177531995,-6.627844713768489
2000-07-04,-10.706624294183928,-25.348716487282452,-2.686450925300946,-5.61125701273039
2000-07-05,-10.047184262487077,-24.799548347713745,-2.2500697655475914,-4.800146288171499
2000-07-06,-9.93782584850686,-24.45693467283537,-1.3726911699313264,-4.572128535793244
2000-07-07,-8.628698060201964,-25.464700542547387,-1.5938666698611479,-3.001199759898764
2000-07-08,-10.008603663397567,-24.460506853179428,-3.567041655495272,-3.24298205815129
2000-07-09,-10.713458839423932,-25.70396507456276,-4.583247519350308,-2.463994777659231
2000-07-10,-10.043112459666832,-28.30322810428171,-2.614422965852365,-0.2659350165973855
2000-07-11,-10.439936273023187,-26.47231156786217,-2.1242680992076215,-0.817866543570829
2000-07-12,-11.887128487722322,-27.33397111835482,-2.162530273943513,0.8650296120038183
2000-07-13,-12.43432533094877,-28.659494135508876,-2.102845813661347,3.1579186495051035
2000-07-14,-12.357805005186268,-27.847287407697376,-1.466943141692098,3.7430916321202647
2000-07-15,-10.017810390829315,-26.18916241817865,0.14388579963577386,5.756374575437116
2000-07-16,-11.250850742942653,-26.883408996526956,-0.5430179370155392,4.94867602475032
2000-07-17,-11.48911447273757,-27.230013014213984,-0.8345654315501001,5.007310239463978
2000-07-18,-11.77111342476476,-26.583339851761448,-1.8197519496252768,4.16688453727262
2000-07-19,-11.198217557584746,-25.41695075076659,-2.4160729176280737,3.044779285739419
2000-07-20,-11.631669128397949,-25.84914800467435,-1.2820971870618283,3.2842554975301566
2000-07-21,-11.42662990325356,-25.911666617905077,-0.9086489200531362,6.259920015183592
2000-07-22,-9.439259579801403,-25.540551034452417,-1.938780607446525,4.73995813236466
2000-07-23,-9.732519341226341,-25.620067564851375,-1.124840332803967,4.484005479004631
2000-07-24,-9.778696495354346,-25.948239198046014,-1.4521522705300995,4.8997087516688085
2000-07-25,-10.801684429596614,-27.149649113845648,-1.6872088782612593,5.148501841735292
2000-07-26,-11.662148001297751,-27.81190775458762,-1.9354207884887777,5.760962179073409
2000-07-27,-12.07914622857725,-25.08755479742368,-1.5118685869085122,6.487708157510778
2000-07-28,-13.169223914762728,-25.14678368901181,-1.2617388687817859,6.332650012837464
2000-07-29,-12.665734326218953,-25.247714220644074,-1.7825076409725378,4.908312712097436
2000-07-30,-11.742726071525958,-24.4636942420015,-2.439869782739173,6.141119073129347
2000-07-31,-11.84401014282049,-24.077386412981607,-4.840968123711852,6.383270174531566
2000-08-01,-12.868131059306165,-24.360688997770026,-4.857532288305313,5.525306287362822
2000-08-02,-12.790639599378697,-25.233058519721418,-3.751944489891417,5.107714485760483
2000-08-03,-11.93281589678257,-26.012577191803906,-3.350171745958161,6.587687243299616
2000-08-04,-11.959327313822588,-25.74555572917333,-5.638067977758404,5.9241610551104085
2000-08-05,-12.089001405249423,-25.59192522415366,-6.642414108995405,3.2551838144051675
2000-08-06,-10.11383909029962,-26.057011260071846,-5.486857206000521,3.698392333004361
2000-08-07,-9.789651516066186,-23.605053916996187,-4.316617440079329,3.2319785431216177
2000-08-08,-9.841206131932362,-23.131136572107813,-3.8002110437259953,4.252874085149012
2000-08-09,-10.614503574320935,-23.53217187566282,-4.434326607544404,3.6511451449327064
2000-08-10,-10.707542272564996,-23.787848509300083,-2.1449433870299988,3.849705372379259
2000-08-11,-10.253695731032789,-23.502979090603233,-1.0998606006985978,3.7988417204973377
2000-08-12,-11.719953451692367,-23.956400868833096,0.3395679599694319,4.883156232598482
2000-08-13,-12.25398676829016,-24.438173341579102,-0.458559231810556,5.605221870926513
2000-08-14,-13.025843902826146,-26.418401293480958,-0.03388020708299461,6.650085044223552
2000-08-15,-13.688082824327795,-26.85870088033262,0.5100210734451482,6.409093521559466
2000-08-16,-11.893748953425627,-26.57985302901004,0.18483271478819036,5.993129954340438
2000-08-17,-11.530926406864163,-25.857945414271246,-0.7775745157859073,4.270450353514681
2000-08-18,-11.058134106489907,-26.479460860793615,-0.3361192538781567,4.4488016559940675
2000-08-19,-12.360802673026495,-27.411835329985898,0.47318704081041213,4.275464518938064
2000-08-20,-10.729516411543264,-27.590150789612633,0.49854199198109167,3.9270965520156658
2000-08-21,-10.032118699227654,-27.969417469888327,1.4651656191982947,5.732277906881571
2000-08-22,-10.706243325721157,-26.475953373676496,2.9966869203476376,6.752481030816317
2000-08-23,-11.144605429803434,-25.28354592956761,2.349239349722501,7.613205835921005
2000-08-24,-13.130516305698595,-27.332669338496586,2.0083982778217178,6.6421155392284525
2000-08-25,-14.546385812499185,-26.964443371580405,0.6736000151715889,6.232235421378844
2000-08-26,-13.995254563825021,-27.604158876574207,0.6657649062978305,4.850065886406561
2000-08-27,-15.50753185261805,-26.916200773207578,0.5639032977912007,6.208069271747199
2000-08-28,-14.357520506203912,-27.701429848290537,1.7810492581721058,5.657769789292496
2000-08-29,-13.323982617748262,-28.672755641396712,3.285448782582378,6.115250383961995
2000-08-30,-12.34451256132694,-28.85599072041739,4.836192869161238,5.958267106560822
2000-08-31,-12.454115097214261,-30.017349293001626,5.077082370500605,5.910866293979956
2000-09-01,-10.721855725135953,-30.954304344849437,3.1673394273183453,8.041192012104906
2000-09-02,-12.128048932288038,-30.82165117514416,2.8947521253188424,8.87151197028036
2000-09-03,-11.609859471971067,-31.2382904048796,2.3989469085577153,8.423549637655515
2000-09-04,-10.169951797421616,-29.389638481680358,2.606513847645024,8.964894141121256
2000-09-05,-9.410488529300041,-28.746357234982042,1.9568966102513805,11.187349660217983
2000-09-06,-11.418608363716544,-28.89594612982632,2.2664550945752167,10.040103202195978
2000-09-07,-11.197755675538634,-28.71012098168488,1.7602810717961348,9.085622785459877
2000-09-08,-10.522124150284787,-28.665110697836926,2.033748010922623,8.636465003079573
2000-09-09,-11.254999257665915,-29.31668539170796,2.910398074142756,10.103436785619007
2000-09-10,-12.777395824586673,-28.442806255565685,2.8915829417805594,9.55574674717569
2000-09-11,-12.900363167028623,-28.90665201657884,4.34604176761755,10.088319551195495
2000-09-12,-13.221411287696016,-29.285278644144753,3.888126910417568,9.620110006391993
2000-09-13,-13.724294888578733,-29.057710449136973,5.18069042423713,10.298709875113541
2000-09-14,-15.555867112440911,-29.565928631674897,4.196487327011687,10.305234386939924
2000-09-15,-15.557659910401805,-30.310132880357482,4.722506761989694,9.694682404992333
2000-09-16,-14.956071941053143,-30.525224673057043,5.247606624938466,8.760470893720901
2000-09-17,-14.426069471157737,-29.121909662784013,4.781726508296147,8.279703971105175
2000-09-18,-14.680076182700567,-30.795686751342267,6.237935930750567,8.541981936958178
2000-09-19,-15.414724041800417,-29.12430124370784,5.569436554722335,8.366354508259407
2000-09-20,-15.972136826526123,-28.25347184801858,3.856420454257512,7.560505213965665
2000-09-21,-15.33916012692985,-28.858154832306678,4.464989212360088,7.28707011726843
2000-09-22,-15.583769291491102,-28.577478782123787,4.890803190195662,6.275688173947142
2000-09-23,-14.400783195328211,-30.686061886029922,2.791945516859316,6.134018456520739
2000-09-24,-15.933824339027161,-30.936609917026992,2.5014527574066854,5.741983697249724
2000-09-25,-16.576974027282635,-31.054529209648653,2.756517478534498,5.323102735793689
2000-09-26,-16.12220500016354,-31.479594208846358,3.0835523208918647,6.048708468905729
2000-09-27,-16.650669539454036,-32.53479929502026,3.185690800430013,4.79582887638546
2000-09-28,-17.295441466217092,-30.1721307046018,5.190201804744646,4.4696400447150735
2000-09-29,-18.956372750303423,-29.801314632899604,5.579062558400409,3.017566840981221
2000-09-30,-18.069883976442647,-30.565220779429655,6.239059648177144,2.894886254547491
2000-10-01,-17.77609577398906,-30.584114516105632,6.2893591721300055,2.5171473701073777
2000-10-02,-17.016742437737115,-29.779490164930742,5.5202394873308736,2.352084182661396
2000-10-03,-15.625987821434892,-28.758812613845326,7.08646560709668,2.0904309628046085
2000-10-04,-15.91449356960901,-26.1302043620458,7.045277524182599,2.296313213930548
2000-10-05,-17.360734368179454,-26.05500546919549,9.588894267913263,3.3564255611671907
2000-10-06,-17.863141737118156,-23.59285774013681,9.69192781777751,3.470063786778838
2000-10-07,-16.892730081679726,-21.890884221130168,9.211771102551358,3.8686346521359933
2000-10-08,-16.397516800827457,-21.446083248282278,10.11942090511654,4.277545708930611
2000-10-09,-15.8284382288868,-22.57739430737866,10.179059736786394,4.062381623753564
2000-10-10,-17.123584861348064,-21.730349971605587,11.154212613066488,2.6688904953700097
2000-10-11,-18.580595931861374,-20.950949290227296,10.99169452136023,2.561105324991967
2000-10-12,-19.01316913645973,-19.94940615373126,10.979504750578473,3.0667926891567094
2000-10-13,-17.04999497209023,-19.822514047636748,12.301193691206526,2.512298510450065
2000-10-14,-16.922739482292055,-21.340055231053455,13.788528574793528,1.3435708748296327
2000-10-15,-17.958392496406297,-21.398681411879835,13.11172869814341,0.40060375355440725
2000-10-16,-18.266333041309917,-21.85429103423229,13.222269071242271,-0.2823868224617051
2000-10-17,-17.742655144025942,-22.943659065520638,13.226797339775283,-1.4821855247821945
2000-10-18,-16.727761672712912,-25.09392134573793,13.376619322001861,-1.3713349228961211
2000-10-19,-15.058981955822636,-24.32491775847724,13.515607467204712,0.16050428110353643
2000-10-20,-17.83217994433086,-25.240214352761207,14.095794613506925,1.3010025159713623
2000-10-21,-15.869053749204255,-25.726188179411377,14.496274712827063,1.1887882617080283
2000-10-22,-16.26252733490619,-25.19904222675234,13.217195752071252,0.5958611273653683
2000-10-23,-16.898684628750747,-25.209974086313604,12.741355417585133,0.15753003099947577
2000-10-24,-17.950840437725965,-24.46875464259921,13.198704625259236,1.1469251088418928
2000-10-25,-17.597585129536046,-25.22680069363956,14.39194789693333,1.5976829641872354
2000-10-26,-17.663881391736105,-25.397725041128403,15.759747334751385,1.7248384702322799
2000-10-27,-18.790977127005835,-26.721419150630254,15.833912973990774,2.4286172986250545
2000-10-28,-19.28618754628654,-25.39916506014466,16.157126509075102,1.552498778891582
2000-10-29,-18.206311924102387,-24.858120715659005,16.040381234594133,1.7155581541652152
2000-10-30,-18.36506965031938,-25.585552547701823,16.36338077114397,1.0740022102075006
2000-10-31,-17.627034367733934,-26.061845759687028,15.21218298128825,0.5230406373045978
2000-11-01,-18.31025499226964,-25.331431548999667,14.783704908426502,0.05289975462281282
2000-11-02,-18.88503604077971,-23.43775721083148,14.613193110023175,1.0865083078784918
2000-11-03,-20.560611917587078,-22.23095359989826,14.754100834523287,1.8903696516955664
2000-11-04,-19.76010725104894,-21.195985908348632,14.625981704937306,2.029902151318389
2000-11-05,-21.22024444088144,-19.14685052220036,16.044091234636124,1.4794054806971606
2000-11-06,-23.342272604481728,-18.759090802961673,17.921909438391776,1.411625879690486
2000-11-07,-22.566345711126612,-18.101685805070748,17.43183486842179,0.4082763694271705
2000-11-08,-22.427769646437344,-20.433909203254853,16.709696646544906,0.5942326515730254
2000-11-09,-25.1701252695242,-20.254546837487833,16.415345441687382,0.5684448533673933
2000-11-10,-24.84421978491089,-19.908084066203394,15.021995675978477,0.5653732094516907
2000-11-11,-24.26177626147466,-20.58962398399976,14.264436645938478,0.1956444205383237
2000-11-12,-25.80967657759014,-20.98233933960581,16.12867487121702,0.4836340252076406
2000-11-13,-26.869193744922715,-21.12805682490577,18.094104714674963,2.201266287518148
2000-11-14,-27.087442588829397,-20.982664694862457,17.534061354948427,1.6577755220466979
2000-11-15,-26.82219179848213,-21.675683652951083,17.688901399782946,2.556793718940849
2000-11-16,-26.229225878150526,-23.69727882326463,18.71436480383352,1.4656651354635852
2000-11-17,-24.914530579353485,-22.76084366306952,18.26218880338202,1.241691513442058
2000-11-18,-25.09247223246986,-22.410827959755316,19.16606248164727,1.7709253767247104
2000-11-19,-24.275819062626528,-21.954107160595033,19.3892774265638,0.9274413330779714
2000-11-20,-22.39045538947273,-20.567839270060524,19.659881931152913,0.1005086216905664
2000-11-21,-22.700080208636145,-21.252270293979375,19.59505099086861,1.8033838982208763
2000-11-22,-24.386906808031256,-21.584051116444734,20.436073639018886,0.9699038041347247
2000-11-23,-24.97791107396035,-20.104760014499085,20.041680769878536,0.04229761140338528
2000-11-24,-26.392608771723946,-17.84128450274377,19.140867075452547,0.497131323804338
2000-11-25,-27.3628073977753,-17.97544491021179,18.17266582193574,-0.25528452734918605
2000-11-26,-27.081345923387882,-18.39246418995413,17.674395268166823,-1.0791176224429209
2000-11-27,-24.981297573327563,-18.642343143045363,15.886314060810328,-1.139654300900241
2000-11-28,-25.657171211178863,-18.71076397826177,15.284561551398857,-1.2513068282817768
2000-11-29,-26.047387456470673,-19.393893977355646,15.250109813111962,-2.78068264169678
2000-11-30,-24.858750306716136,-19.052353938766682,16.458229828530133,-1.4699919055884587
2000-12-01,-25.091623720102927,-19.91281479034232,15.81280402256505,-3.007522980658235
2000-12-02,-23.878033225102094,-18.7951972460207,13.895142328455442,-2.914167488314761
2000-12-03,-26.517510171774866,-21.54267266216656,15.256092125103141,-2.956374451944487
2000-12-04,-25.532075805599916,-22.131459381592773,14.794475769829374,-3.7344450137881378
2000-12-05,-26.267816933976995,-20.786216377886763,15.38186706668178,-3.83462198506143
2000-12-06,-26.615924398971856,-24.20861196884502,15.343180134976743,-3.987677495943793
2000-12-07,-26.803694705468555,-26.04395969777238,15.096832588537676,-4.615347531115409
2000-12-08,-27.2644796950466,-25.933455065884367,15.46250309162955,-5.303340151497166
2000-12-09,-24.721694540457495,-28.177423582677044,16.089217687120048,-6.360818499538852
2000-12-10,-23.6219710254876,-27.932966547243883,17.18915077343359,-7.602919232578818
2000-12-11,-21.37713848956426,-29.89093415972415,16.92360966558658,-9.314156093716315
2000-12-12,-20.54663912729555,-29.326682948680894,17.46974680110693,-9.747032807174152
2000-12-13,-19.895398172926377,-30.845463182403904,18.38836208727102,-8.874002730683763
2000-12-14,-20.83260529446865,-29.350037333055468,17.130079221600546,-10.720395270530874
2000-12-15,-21.02883072043985,-30.838226536611714,16.291675033277087,-11.39587427425171
2000-12-16,-21.125443641735426,-30.928125680809757,15.74663093495739,-10.65678175054236
2000-12-17,-21.854952576570504,-31.087586584744475,16.284309663162873,-10.578732919601212
2000-12-18,-23.911084462411235,-30.9031013892993,15.251649946738628,-10.492298036961374
2000-12-19,-24.6135409273243,-30.52357326714708,15.941363406765829,-8.890933298674737
2000-12-20,-25.2504677754585,-29.577607630320646,16.279699343402555,-8.715752374736788
2000-12-21,-26.025218330107887,-30.099853286806134,16.380160647158192,-8.341097027402705
2000-12-22,-25.826541281233574,-27.734680819764307,16.96075933185393,-6.8003094528679435
2000-12-23,-26.508509539156023,-28.824138969861384,16.798512094689762,-7.327154560757017
2000-12-24,-27.11720945310847,-29.066410529628474,17.076100293534846,-6.934412021789005
2000-12-25,-25.732316098716534,-29.947810295381984,16.99219113841624,-5.630327354545111
2000-12-26,-24.469488619302158,-28.038069757141315,19.038103777969113,-9.198544652862305
2000-12-27,-25.07556274927414,-28.5233480392545,17.920416468863557,-10.502866160034337
2000-12-28,-25.672658079684865,-29.177943977027017,16.110502571242552,-10.177993922063473
2000-12-29,-24.969758684706267,-29.65103088919843,15.64221219864029,-10.080269117674112
2000-12-30,-25.25553792373358,-29.924465477112463,15.47264896201607,-8.690030780834274
2000-12-31,-24.573873217896818,-32.49763713744149,15.794769919057643,-5.469433479678889
2001-01-01,-26.349380306162566,-31.941689123413557,15.605749618662417,-4.884110319405036
2001-01-02,-27.086029979939404,-32.56671489914832,16.134793018446427,-5.218519289220443
2001-01-03,-28.264750870142493,-31.44557964929944,16.47998398888055,-3.5930969616997075
2001-01-04,-27.66383942764201,-31.332998105356115,15.811453048135816,-4.287918302439925
2001-01-05,-28.87797971491389,-31.044836251016644,13.937199871435755,-5.0990520084440005
2001-01-06,-29.082666866683414,-31.54128364241269,13.922044846635341,-4.511011418959133
2001-01-07,-28.18160986999223,-31.596835947173467,14.756393059791971,-5.085304938052172
2001-01-08,-27.127939482525875,-31.26738912772108,12.806872771612802,-4.806752123898404
2001-01-09,-27.861671332566278,-31.018092404944092,13.717100988859617,-5.173308876370854
2001-01-10,-25.69011673246175,-31.284729467709013,12.349754387743316,-5.143656976862599
2001-01-11,-24.96508759703288,-31.712822422181343,11.924045036242749,-3.8040496102235166
2001-01-12,-24.412969116448345,-30.059572231068465,11.931137124636937,-5.290585017626578
2001-01-13,-24.617853395849906,-29.710570877868214,10.78769509191574,-4.318370185380459
2001-01-14,-24.110046523977452,-29.942294549613138,10.707134193034356,-5.821543298994338
2001-01-15,-24.467783373283538,-27.905716028658087,9.122615044757257,-5.310614878636071
2001-01-16,-24.985645300862153,-29.553576442696695,10.669600006355914,-5.449808665206129
2001-01-17,-24.487485944739948,-30.484859392802925,10.236042554254528,-5.51114536438538
2001-01-18,-25.13424856461829,-30.09434485156094,9.622022246148678,-7.07440925175903
2001-01-19,-23.81499215214177,-28.23558740618379,9.943362105111362,-7.255985805880393
2001-01-20,-23.420926700943465,-27.972199678188613,10.588014401311922,-8.356018333708358
2001-01-21,-23.271959761395262,-29.40922363013806,11.311200479841798,-10.086583829230232
2001-01-22,-23.33089085232648,-29.42924736296295,11.93094533469441,-8.460292344710368
2001-01-23,-23.287861254411276,-28.83508957975166,13.046453737973959,-8.318157099176956
2001-01-24,-24.333323939035676,-28.55643532035995,12.649980836028693,-8.276034730241467
2001-01-25,-23.15346968303038,-29.498743145956276,12.913333569862857,-9.044626002547481
2001-01-26,-22.83829398688704,-30.301414951234747,13.311165296816174,-9.443284558801976
2001-01-27,-21.226026306870907,-30.002806743109055,13.963408432228968,-9.272324978584585
2001-01-28,-21.293023176340235,-28.919977513844,13.7116122603817,-9.830904238363482
2001-01-29,-21.31462754432698,-28.704388715868458,13.874664639177912,-9.80644405772983
2001-01-30,-22.686223220224907,-26.716970101494013,15.232493363735935,-10.144251799941468
2001-01-31,-23.013733590875045,-26.67319839973707,14.989677340628148,-12.07983896859826
2001-02-01,-22.85809193953131,-25.954471214360318,15.045537889331307,-10.88393505494357
2001-02-02,-22.238349667691022,-26.731231419310948,15.643303912142656,-10.266756184120263
2001-02-03,-21.503452641756237,-27.920101080012376,15.212844983955446,-11.228718114543229
2001-02-04,-21.84125203636923,-28.35698573634557,14.16816299971081,-13.030852461013454
2001-02-05,-22.94311766502868,-28.409940955177674,14.830814856409376,-12.556430188289921
2001-02-06,-22.948464158614286,-27.494367884229874,14.326856375132744,-13.60121330394942
2001-02-07,-21.590814413907186,-26.775436796843323,14.607808436084163,-12.625293704820269
2001-02-08,-22.96742406894252,-26.978087782204206,13.8169207079562,-12.394935922627765
2001-02-09,-21.631369054204757,-25.82086705626648,13.6330047773042,-14.61182896839419
2001-02-10,-22.10874498241671,-27.320404565341555,13.52196349629591,-13.194915630181212
2001-02-11,-22.038245384258076,-28.35297174233865,14.712967512027332,-13.032774724133406
2001-02-12,-21.878478323969905,-27.92120948913616,13.986232529861581,-11.575542507663032
2001-02-13,-22.644051016408206,-29.583704656924535,14.213012744082334,-10.437345939625576
2001-02-14,-23.002909267196365,-28.50894234433915,14.691428011544325,-8.829348203427385
2001-02-15,-25.52464034341736,-28.65121691417404,15.993638057423688,-9.15479145223596
2001-02-16,-23.58359605578629,-28.894387592317422,16.768563205485894,-9.762786829459138
2001-02-17,-23.832925192775267,-28.795634332471487,17.094606260554983,-10.046966737227406
2001-02-18,-22.925607831537068,-28.083717801480237,17.840536135386557,-9.87118312348134
2001-02-19,-22.99229685279726,-28.05435844590968,17.72069404549446,-9.226549193995751
2001-02-20,-22.298476534639597,-28.87791177684465,17.558654753004305,-8.10103477757631
2001-02-21,-21.577585532787545,-30.81223824265527,18.282003040115328,-9.018372959602912
2001-02-22,-22.01992278559139,-29.446962125157622,19.05813672864149,-6.7401739832370335
2001-02-23,-22.21528783318895,-29.349384876340178,20.513697315604773,-7.369138135511585
2001-02-24,-22.62160157330857,-30.515434310148123,20.958101746592405,-6.771322857467983
2001-02-25,-22.059113794842578,-30.453030259784786,19.90792227676124,-5.566628633068239
2001-02-26,-21.825678548359225,-31.081173594949398,19.905899345439366,-5.544102239855157
2001-02-27,-22.166114884719224,-31.880428983181996,20.18712362224258,-4.993635287632995
2001-02-28,-22.03027091103315,-31.439609053277355,19.634579273392518,-3.8221661705880576
2001-03-01,-21.31569523209639,-30.052673266783522,18.42375367305746,-4.708375392632083
2001-03-02,-20.884403281373434,-30.61283297328855,17.295302252313736,-3.7012542154317463
2001-03-03,-19.781130624560024,-30.191673790523403,18.892112219110235,-3.930751792447277
2001-03-04,-19.695278009721047,-30.0051253682194,19.692412289130413,-4.82522442093056
2001-03-05,-19.094336917828997,-29.709923786347353,20.70295007906659,-5.7045730208404235
2001-03-06,-18.372623303189645,-30.584662179809033,22.61755540017372,-6.1917195642930265
2001-03-07,-17.919055416955647,-31.22536013389705,23.105202675664987,-6.085280585233347
2001-03-08,-17.255548109992027,-30.033950408146914,23.82043776212104,-6.012945497334973
2001-03-09,-16.68003092372737,-31.027322426823975,25.128379684627156,-7.454717554427065
2001-03-10,-16.368696679610387,-31.20623761235986,26.190317908502923,-5.769716036521076
2001-03-11,-17.470907469242533,-31.265935779492494,26.575988527406555,-7.8813654492636145
2001-03-12,-16.183959282814296,-31.440832242258853,26.749888233160735,-5.8786990215605535
2001-03-13,-16.11933775385631,-31.036416052796724,27.263143769243275,-7.321302527442596
2001-03-14,-17.327302119828232,-30.838137019544355,30.149880264965482,-6.41103586552967
2001-03-15,-16.37819647720965,-31.77281994267001,31.055432872534926,-7.90625736119717
2001-03-16,-14.46813474033802,-31.178366191330024,31.78525187713817,-9.146938981832776
2001-03-17,-14.771173479671114,-30.20188167686551,31.637027942377767,-11.197638934813138
2001-03-18,-13.864585463764119,-30.301577177300643,30.889745095317007,-9.9759085736107
2001-03-19,-13.176557670774843,-29.847907977658284,30.603351431426365,-10.44632917009097
2001-03-20,-14.457785740468326,-30.453542205806187,30.54804003075047,-10.73237777710674
2001-03-21,-15.871176914591757,-30.775743693455638,30.990852219458333,-9.234033275663283
2001-03-22,-18.05836878060731,-31.08140709909489,32.343965320674414,-9.631094656649411
2001-03-23,-17.54316473874885,-31.922029944347695,30.567786835908613,-9.000983405453997
2001-03-24,-16.189432944546365,-33.13918595013126,31.2668031267771,-9.544924450474209
2001-03-25,-15.338090316515256,-32.95791845203951,31.51953446403113,-7.338365816969423
2001-03-26,-14.535559281384973,-33.537338746915744,32.23724874355003,-8.907144907681896
2001-03-27,-12.992966637863635,-32.848705318014865,32.17947922507389,-9.074652248497305
2001-03-28,-12.86063408535394,-32.61760020335048,31.58492956643903,-8.922159995564291
2001-03-29,-13.672457860849779,-33.09825421497832,32.68663614235841,-8.569477533113247
2001-03-30,-14.043432710836566,-32.863892387625455,32.14004590722251,-7.737020018863141
2001-03-31,-13.738190141720125,-31.778857980560744,32.384575990289356,-6.213977071591381
2001-04-01,-12.654394904496103,-30.03799632472735,32.368568806060544,-6.444779880524631
2001-04-02,-12.533363045881023,-31.029439481383324,31.93580823891139,-6.3199143406596
2001-04-03,-12.526277477984886,-29.691902841333505,30.946215879478054,-5.210287854855228
2001-04-04,-12.530888604431512,-30.654418305515872,31.207874100647267,-8.011373184202707
2001-04-05,-12.105790868031766,-29.475024998656828,32.130903751552076,-8.497600427806022
2001-04-06,-12.276751503845174,-29.928341935661276,32.78959317707283,-8.496372437243853
2001-04-07,-11.911818717548375,-29.456566546988597,33.64739806456063,-7.543657362701646
2001-04-08,-10.772020381399134,-29.569430055399344,33.36917492423424,-6.493814638875794
2001-04-09,-11.651779131800328,-30.494463415175048,32.88065283211878,-7.853917006246121
2001-04-10,-11.105232784710783,-29.854542103298346,33.28433942739311,-9.699494042125973
2001-04-11,-9.763739053008205,-28.572271355639508,32.47089939491045,-10.297027533438115
2001-04-12,-9.757844365982322,-27.592612601394276,32.51137323160712,-9.910361826920196
2001-04-13,-9.325220852429153,-29.20339751925158,33.665813826326435,-9.881685604870825
2001-04-14,-9.63527719585596,-28.480574917938295,33.54711513631762,-10.229177305584935
2001-04-15,-9.869157310672254,-29.61632604447262,32.1807677159411,-9.8002068275329
2001-04-16,-8.913549475635891,-28.77737262507661,32.53340307833479,-10.31346921281904
2001-04-17,-11.351153445575182,-29.738943181521847,32.027426211224686,-10.020991022016103
2001-04-18,-11.707480460662094,-31.27977942608008,31.959596876364703,-9.279385734415944
2001-04-19,-12.676423305297874,-30.60111043237719,31.278824355086915,-8.741047034659273
2001-04-20,-11.762860317676113,-30.342698879712557,31.521522802037786,-7.80213690961634
2001-04-21,-11.94815557044186,-28.15375675304345,29.770987180398613,-7.874727046692927
2001-04-22,-12.009133339205265,-28.961593656874996,28.420567526575564,-7.161704221495785
2001-04-23,-11.649684244928599,-29.89084980607557,26.5664667113629,-7.216897368038236
2001-04-24,-12.679488486181262,-29.650502077941717,26.619945687473034,-8.10185241854692
2001-04-25,-13.56271995813833,-30.56561555798565,24.91279973651097,-5.9026213955950695
2001-04-26,-13.095365328539296,-29.036031432152065,24.46931028226573,-6.629447886540976
2001-04-27,-13.75522183030986,-27.813766353266132,25.404363240891367,-7.18408056614957
2001-04-28,-14.430976325038479,-27.997809402390676,24.80792409736718,-7.827360289361294
2001-04-29,-14.624523244441393,-24.931137897717054,24.466408668882256,-8.69592354560713
2001-04-30,-13.961266810559588,-25.011166406867392,22.68572748814391,-10.949155944442502
2001-05-01,-13.245272900029104,-23.511181844017035,22.928151685048768,-11.293497830689732
2001-05-02,-13.229697051055364,-23.5870575439524,22.080987047587318,-12.177876389991374
2001-05-03,-11.740016360109403,-24.46516891914138,21.55188098472528,-11.296098999422938
2001-05-04,-11.74678414784192,-23.686379662137817,22.951305220995415,-11.257652184391654
2001-05-05,-12.175549892053148,-25.275552100235846,22.771820365629427,-10.890067568403161
2001-05-06,-10.898682772728876,-25.268855817299805,24.178789132732025,-10.532486478725666
2001-05-07,-10.780770034053496,-25.30540957805564,24.6940323917813,-10.333152767274775
2001-05-08,-10.404598729772689,-26.02172660620329,24.4732229288783,-9.770780756287614
2001-05-09,-11.951996233729716,-26.282767914576034,22.332120396310955,-8.975229456651041
2001-05-10,-11.868042414998321,-25.49054504005414,23.434738330142977,-10.480272584138776
2001-05-11,-12.07313723342946,-26.88785859699426,25.5798019523843,-10.489457221467049
2001-05-12,-11.41484481798216,-26.02392391081266,26.25763097173042,-10.930411517049484
2001-05-13,-11.58402342920269,-26.032588961446812,25.33804281875024,-10.210112842802161
2001-05-14,-11.512369391695453,-26.38803678847592,25.85410718462229,-10.17578745195912
2001-05-15,-12.792231175391134,-25.521737248392842,23.904544154029328,-11.014386155366642
2001-05-16,-11.478777924906655,-24.53193382563116,25.410038243314865,-10.205361487510151
2001-05-17,-10.237196819840978,-24.145151179765843,26.28953997538751,-10.638925458513354
2001-05-18,-9.883808144777635,-22.982766156318007,25.303197113278507,-10.793477369378834
2001-05-19,-11.242616081840584,-23.672125418682366,24.709288291812275,-10.424697973868836
2001-05-20,-11.734348658432243,-23.650419991589498,24.690705982627023,-10.539010262321487
2001-05-21,-12.117001743707915,-24.184864303166826,23.98656729838544,-9.263680668825753
2001-05-22,-11.907691396574723,-23.57743191633846,25.0571931700091,-9.67051483561108
2001-05-23,-10.854818197754355,-22.71877833184805,27.072206060260676,-8.67432694987849
2001-05-24,-11.204253281743641,-23.725640754223228,28.339059652680458,-8.205220997277474
2001-05-25,-12.33590751350032,-24.19029388330494,27.550185747563127,-7.332333394876147
2001-05-26,-14.53019669384937,-23.569965658901037,27.40048077470101,-7.35874536465922
2001-05-27,-14.98130114164612,-23.486164296984022,28.82729790888714,-7.109414839673629
2001-05-28,-13.508200051761133,-24.15170991845765,29.09851192246003,-6.956950724874426
2001-05-29,-13.107166857655049,-25.44955597077566,31.26878239285457,-7.891412915991388
2001-05-30,-14.026201608773599,-26.01177303078723,32.105491553566985,-5.525319965461282
2001-05-31,-13.076990545754914,-25.612084413093815,33.036991453889044,-6.571468886879927
2001-06-01,-13.668537872840002,-24.617133007732214,31.94415289512417,-5.586956776077096
2001-06-02,-12.482965801482953,-24.918897146409222,30.91465059596501,-4.569705844970693
2001-06-03,-13.848310478269665,-25.386351476159646,28.853841392379177,-4.348249583749585
2001-06-04,-12.659330235883127,-25.926606895766795,28.783288682994353,-4.986094870442085
2001-06-05,-12.782371289996016,-26.312711138322516,28.698967431268777,-4.204744091923095
2001-06-06,-12.780406407521765,-27.054841905932015,28.11268829266281,-4.612647264627988
2001-06-07,-13.250514194429462,-28.242428520820965,27.246687075069975,-5.437137216349869
2001-06-08,-12.69995570455464,-28.50594130140745,24.9505370065546,-3.8793053705298615
2001-06-09,-11.686439463830977,-28.84599574588918,24.037643597916322,-3.1708555817860784
2001-06-10,-12.707290412641804,-28.665131083090806,22.229246053085365,-1.8555251531188404
2001-06-11,-12.460892992491209,-28.374260442478683,23.09003295242864,-2.6318835973808614
2001-06-12,-10.69177883906653,-27.594913731616003,22.918217158864042,-2.7842519830667873
2001-06-13,-10.777775392927614,-29.99886878750324,22.915666258921515,-2.7095149527740205
2001-06-14,-11.963458192899738,-30.306240527881236,22.07274477089798,-3.5667084201716794
2001-06-15,-12.240910839897083,-29.48545794994632,23.14106436790444,-5.000993813140189
2001-06-16,-11.335510725751377,-28.041480911106238,24.244277343453554,-6.11031906793297
2001-06-17,-10.570253854122694,-29.040464637495877,24.566093113953354,-6.297002132055438
2001-06-18,-9.907777082375762,-28.56683646308576,23.552577643322756,-6.308704622412462
2001-06-19,-10.785018188286953,-28.81043648017871,23.92512693599747,-6.162588709136639
2001-06-20,-10.332566330029293,-29.586102578136334,25.011445179163225,-6.864429675586974
2001-06-21,-10.691443433692367,-30.017329125256396,25.75105757275421,-5.018353567392774
2001-06-22,-12.436896002526018,-29.298084473995953,26.438203297785954,-5.888217579741759
2001-06-23,-11.86019940977265,-27.90439965576575,27.198405016701674,-5.50330874305959
2001-06-24,-12.848908743065426,-29.60696089245598,27.363007366346988,-5.099481324532137
2001-06-25,-14.232643314845992,-28.111162505420694,27.36326160481622,-4.89577579979222
2001-06-26,-14.010392650448027,-27.87337738233893,27.479621698233238,-4.632160747869752
2001-06-27,-13.17470154182475,-28.67410790586148,27.911427616158658,-2.545880739420764
2001-06-28,-13.12043579949345,-27.73990167512732,27.705464998646548,-3.0443370098674767
2001-06-29,-13.277342925963325,-27.764052140626315,27.76322961558713,-4.668844688268177
2001-06-30,-13.58183161616529,-26.606001104531398,27.867455711151955,-5.692146859050607
2001-07-01,-15.587179351580916,-28.407928210031308,28.35735919634964,-5.3444236367125955
2001-07-02,-15.226105203007803,-29.122238909008498,28.84517794276946,-6.051965318039778
2001-07-03,-15.318865400040584,-27.62665448222196,27.856488843203493,-6.4412333359612735
2001-07-04,-13.49024012058517,-28.976164512846303,27.080578907349423,-6.8309152044169705
2001-07-05,-13.129885433324,-29.70415267046365,26.34463823605894,-6.013524222125734
2001-07-06,-13.411026064993111,-28.571906552537502,25.24572064153817,-4.370289930931871
2001-07-07,-14.672436041167643,-28.083604442915558,25.2866201915518,-4.407578313252013
2001-07-08,-13.844137164281033,-28.231424164054815,26.277833423834455,-3.007448872506042
2001-07-09,-14.626651037593874,-26.43226195577783,24.892633897139053,-1.1353143794725098
2001-07-10,-14.321817159665423,-25.87241824843256,24.88239088492898,-1.5433141466714975
2001-07-11,-12.908484465168632,-25.867716694637046,25.494535912544634,-1.871146370276513
2001-07-12,-13.209296837673042,-24.905052083989112,27.186731598108008,-0.830425205182522
2001-07-13,-13.550225097189625,-26.0499506717833,27.084625741877637,-0.2556885520511831
2001-07-14,-12.236341556252885,-26.730869908389888,26.507498925605642,0.8723964931758095
2001-07-15,-11.22154029912767,-26.512630580646867,27.010305024236413,0.9542735617337349
2001-07-16,-12.785262669567214,-26.990358163670663,27.833416221342826,1.8884531068437531
2001-07-17,-11.39359401890837,-27.56294351104881,28.94467553958845,1.479348141781775
2001-07-18,-12.608232470215956,-26.60317855004834,28.77548476129551,1.2865992864177815
2001-07-19,-13.028676852602704,-26.984124958295,28.28846847295227,2.496307933553997
2001-07-20,-12.878771155780369,-24.666714197433915,27.45095608296893,2.5163971119869037
2001-07-21,-13.781592741346257,-23.919839538222345,29.380326959742867,3.614825049490511
2001-07-22,-15.210126426969847,-25.085182082013603,28.514927721357054,3.535559444164161
2001-07-23,-16.584203256504246,-25.475858503019904,29.215216629879887,2.7348758248858775
2001-07-24,-18.8868733329143,-23.455000688041427,30.69548136830555,2.9359021567276384
2001-07-25,-20.062560702806028,-23.37999745094598,31.366439239943748,2.5066294843941717
2001-07-26,-20.346451586354576,-23.64406002124917,30.108577870749034,2.531847626354098
2001-07-27,-20.93707758476645,-21.994053251102862,29.353652831216362,2.8889708593068426
2001-07-28,-20.953919936259748,-21.13308091913845,30.08803239919374,1.3574545763263217
2001-07-29,-20.96679439955245,-19.74458505548792,29.647859914507194,1.385300843371039
2001-07-30,-20.253479628964744,-20.81544479939742,30.318671873551796,1.2852530759520804
2001-07-31,-21.978487164340308,-20.557166456061896,31.69803260508904,0.13069518175964623
2001-08-01,-22.18708453350543,-22.155090081794974,32.932580305687026,0.17619821064294217
2001-08-02,-20.071812568372184,-23.24081788611978,33.61153690064954,0.9291750032663059
2001-08-03,-20.870776463344022,-23.728148875189664,33.775635571612824,1.0072963636929841
2001-08-04,-21.027907719962343,-24.763668982747244,32.503729265064784,0.08387191560760299
2001-08-05,-19.312708552641034,-24.152962757818667,33.57928186952523,0.16765953490386132
2001-08-06,-20.222150574613106,-24.84504389848523,33.61782088014366,-0.37420243788977736
2001-08-07,-19.40843845130567,-23.676071569262643,33.32805368575502,-1.241455890951507
2001-08-08,-20.646463813176304,-24.734033062369747,33.58392126406924,-0.5273026222863874
2001-08-09,-19.32603014429494,-24.90001781069118,33.42385110361899,0.6485212518560762
2001-08-10,-20.898249886083526,-25.011655079125454,32.40774887033693,1.650425840189048
2001-08-11,-20.278210783112662,-24.940327607491543,33.815227929083285,2.3873489256377245
2001-08-12,-19.47821870754662,-25.401576443247937,34.59731192723071,3.353455563526881
2001-08-13,-20.035388674452914,-25.881409481224807,34.150206432275475,2.3998949724490957
2001-08-14,-18.879130507599807,-26.69576992952288,33.99563169212023,1.565711605306206
2001-08-15,-18.084866801214726,-28.260151859049596,35.93384495119591,1.717245969196869
2001-08-16,-17.81247740079333,-27.826881514156188,34.82789732125793,1.4153789984808882
2001-08-17,-17.520549443634053,-28.763822223340583,35.04480647835047,0.8969739503306573
2001-08-18,-18.07130203568311,-29.770499432445188,34.543378499937546,1.4095986838007708
2001-08-19,-17.574330733845233,-29.9096943361942,31.563299210655746,1.7617266638347948
2001-08-20,-17.456547357874097,-28.05253993784844,31.38558244828964,2.2254401716792587
2001-08-21,-17.25451091893455,-28.207596334361416,30.673684888957084,2.7823861201391162
2001-08-22,-15.805472643205805,-28.488543017483323,31.424025210555513,4.216441264986029
2001-08-23,-15.716630889284831,-29.947212582877604,32.5298638268461,3.661978037683787
2001-08-24,-16.89076576703798,-29.73262169176409,31.627635457036448,3.0050319457903547
2001-08-25,-17.425977350467303,-28.271869956027107,30.945652823187675,1.6306668602096712
2001-08-26,-16.883574563357147,-28.414709143736143,30.84707787172201,0.476288143368514
2001-08-27,-16.95276697507516,-27.836195684941625,29.154683092825174,0.12272346380799587
2001-08-28,-16.87749808394156,-28.250127814183738,31.452446856162762,2.763060139108169
2001-08-29,-18.36409231532814,-27.52288747932939,32.0396488903997,4.328427342343151
2001-08-30,-17.62442115311888,-28.32399750401663,31.78818425840357,4.776783389246047
2001-08-31,-17.620916421467356,-29.347502122619037,29.389659105810964,3.745931161543809
2001-09-01,-17.822993239220555,-29.803842254927726,29.584645294770727,4.841851617286742
2001-09-02,-17.939325530039866,-30.980668032982905,30.361150915126657,4.169037013207064
2001-09-03,-18.185607229475558,-31.566065911501706,31.830243102634196,4.252949270118532
2001-09-04,-18.872490071532383,-31.4483976412991,32.09570784920598,5.760583585668597
2001-09-05,-19.057767826626925,-31.943042009226257,33.79882028540044,6.75010454479985
2001-09-06,-18.96512052291951,-30.969971576618384,34.82715289426898,6.188113206502569
2001-09-07,-19.832909624327613,-30.774227770035818,35.88742953465806,5.700080764236153
2001-09-08,-19.858116392400195,-31.924202110563368,35.02688901904797,4.910978562151262
2001-09-09,-18.697550351923784,-30.593981060654286,34.88190167218186,4.498023073051792
2001-09-10,-18.04208421958237,-31.337048833908266,34.80068088085647,2.7532883639873065
2001-09-11,-18.11172373372599,-31.47186167513801,33.69402648896451,2.9659275427433527
2001-09-12,-19.90085687709768,-33.16770086646048,33.401661193441775,1.7273605203815972
2001-09-13,-20.828746055248697,-33.298615027986244,31.647115112934326,2.8890278725917726
2001-09-14,-19.423594023570363,-33.40433140546299,30.492258463982658,2.366243978784495
2001-09-15,-17.29349376210466,-34.16439826885048,30.90458969959023,-0.08848845632913438
2001-09-16,-17.384396394442742,-33.75514936376376,31.060750571611273,2.892428227702941
2001-09-17,-17.699005416950964,-34.38802364320548,31.672153695498356,3.226511644597096
2001-09-18,-16.854654522215515,-34.77210674140668,30.695887274458723,1.0795443343265294
2001-09-19,-16.606990128238497,-33.62172202693655,29.409806867819466,1.3663018083610083
2001-09-20,-16.479868774786343,-34.2276914865925,30.081493098892626,1.9111410583117223
2001-09-21,-16.814028356903613,-33.30836981641656,28.980292736156343,1.5595723663076755
2001-09-22,-17.88267483672878,-33.29457769682678,26.608377082163877,0.8237144520297439
2001-09-23,-17.181279168524227,-33.740099124041436,26.873124707133858,0.30006511073370323
2001-09-24,-17.26079778604842,-33.625946715716175,26.38614046562526,1.8439981808434505
2001-09-25,-18.432398612442487,-34.258892573609884,26.789643710342006,3.1226825467384876
2001-09-26,-20.146565557296583,-33.33143148513071,26.69674230533314,2.223847574646053
2001-09-27,-21.449070082463916,-34.09791894414378,25.640315685810318,2.895890354126059
2001-09-28,-22.444253845834513,-35.033307314461865,26.094319789847233,2.551871092595591
2001-09-29,-20.43585266029872,-36.6630254345916,25.718973166067112,0.4510015679634196
2001-09-30,-19.107184723164753,-36.51316365574198,25.706169091900126,2.0258469941704944
2001-10-01,-17.875525126471267,-35.49074576433472,26.49816238134658,2.3127532013275367
2001-10-02,-17.264708353580872,-38.08189143924956,27.45188730807941,1.3218928349998902
2001-10-03,-17.741989210883517,-37.76995564805902,27.85419791237254,0.5453896693791989
2001-10-04,-16.516540773558543,-37.03354730981113,26.331526146995508,-0.3246667741481384
2001-10-05,-15.999774131194318,-37.738301092620254,26.23372401966693,0.8995532840064313
2001-10-06,-17.009910592065896,-37.67684854664764,27.83836732119914,0.30817058395013364
2001-10-07,-16.697375467823658,-36.55866942916119,26.690196372792933,0.1261595926824842
2001-10-08,-16.225622382338646,-34.90729139564528,25.43539731987405,-0.08812165963618687
2001-10-09,-15.819443942870873,-34.00055002152225,28.023903652787478,0.3040576402726013
2001-10-10,-15.905429273643943,-33.50839708546847,28.465611449735515,1.4722861705686268
2001-10-11,-14.842812636956372,-35.10566263161126,28.167605665019156,2.7740575171680706
2001-10-12,-12.797803042124569,-34.30623796020554,27.317194513865342,2.1663860638383463
2001-10-13,-12.599514267665839,-34.797148440206456,26.26857507789424,2.820685544251952
2001-10-14,-14.230591455406989,-33.22916249124831,27.581718830540364,1.0309496954961777
2001-10-15,-15.252949273727221,-32.176698741375475,27.81657166559463,-0.4984925331504617
2001-10-16,-17.763942527293047,-32.06680310597536,27.18563925987923,-2.0786391802102475
2001-10-17,-17.696730603851144,-31.565300147880315,27.194373360526146,-1.497806248709162
2001-10-18,-17.710204076803887,-31.438267217146848,25.834216295653466,-1.9160205041446587
2001-10-19,-18.04670460640104,-31.372487716005004,25.42885896780317,-1.2732663504401853
2001-10-20,-18.458802404296755,-32.45884483224113,25.9066422178442,-0.8148812716290083
2001-10-21,-19.882272565012993,-31.517422629784164,26.922298497403283,-0.24239328349379918
2001-10-22,-18.983410265283116,-30.89319151986036,25.430776304115213,0.9646823719766766
2001-10-23,-17.778948851784797,-31.67556456567437,25.237323809596113,2.0769218277221273
2001-10-24,-16.708744667648762,-33.210635162208916,25.600780139639056,1.9125987492364833
2001-10-25,-16.417838973152705,-31.72320651798203,26.570008448137678,1.0410982665770039
2001-10-26,-16.790460384806995,-30.347627136014438,24.776848346656344,1.170574960497774
2001-10-27,-16.849273431650477,-29.812400346941843,27.145678522247017,2.6902805926924334
2001-10-28,-16.6028632411696,-29.542525164316732,25.5613366798023,3.045266242662766
2001-10-29,-18.014913429028503,-29.758079622986788,26.591267627492424,1.4715868656313749
2001-10-30,-17.90961094827892,-27.830961718777367,25.959130450688235,1.2213326505581845
2001-10-31,-18.526073269256898,-27.165698311654868,25.63751907793893,2.873483035973247
2001-11-01,-17.892567365490212,-25.42923119731186,25.445359548880226,2.6852255155339595
2001-11-02,-16.88170490134257,-27.965970093482575,26.79949030368622,3.9542739755360232
2001-11-03,-16.012832749401664,-26.676478896247666,26.435154641875112,4.278419633654432
2001-11-04,-14.691839235630374,-27.149661209066085,23.629567934050172,4.786441229769382
2001-11-05,-14.823471993882688,-27.06492426241468,22.160162930871234,6.870268031162739
2001-11-06,-16.14339882621881,-26.797625084953108,23.657480578548324,6.767273171355826
2001-11-07,-16.36653075545501,-25.861552568535274,25.865002571321792,7.245402176177716
2001-11-08,-16.6800071435598,-25.926907169830002,26.789390316471664,8.165881739994006
2001-11-09,-17.591181778214388,-25.503013919080992,27.01769064804944,7.066844152896887
2001-11-10,-17.147580581507594,-25.314718309015078,25.962197667676488,8.85628395261357
2001-11-11,-16.32672058589786,-24.00205498939622,26.00020593943721,7.749577555609095
2001-11-12,-15.929612720050043,-23.135518643051203,27.961216259295433,7.473363387641757
2001-11-13,-14.83173831654554,-25.377879687419252,27.05922431315228,7.6199043149450025
2001-11-14,-14.915820398761522,-27.53892200261372,27.545207859718875,7.296479154698101
2001-11-15,-16.21696033206693,-28.31507408373384,27.512968363601342,7.402403272780857
2001-11-16,-15.98788817085531,-28.383492426565983,28.184188836447184,6.266787842215547
2001-11-17,-15.436686529146538,-28.41819756781028,27.37382325986831,6.368303198652959
2001-11-18,-14.91292917296825,-28.358786346122656,27.518234374332312,6.441511295215213
2001-11-19,-14.605780607528365,-27.69346045497192,28.247232665015716,6.201248820304254
2001-11-20,-14.547982668486084,-27.819972278248155,28.182538928766526,7.595928240892038
2001-11-21,-14.414294844685674,-26.7054285231214,27.271111226078517,6.824851751248887
2001-11-22,-13.736772146069832,-28.591163099346215,28.330264841436566,4.5976724631126205
2001-11-23,-15.699674919368185,-27.659710799607947,29.872463925607843,4.643541326409348
2001-11-24,-16.685816869808672,-29.967528214698508,28.326450743521224,3.130642952393715
2001-11-25,-16.80925557613305,-28.9517607133994,29.88519958431521,3.5691241103778464
2001-11-26,-15.304324656198295,-28.852719789638364,30.89491786435331,3.7259356959619585
2001-11-27,-16.374400627737646,-27.587884669965398,30.002969478613824,2.950714093660337
2001-11-28,-16.461176688879547,-27.224983292801294,27.97444960072631,2.4944975176656925
2001-11-29,-18.371055733064726,-28.039174054688,27.422616544094318,0.7069516070776594
2001-11-30,-18.577881219189592,-28.779414827748365,27.74429007544503,2.07430134618906
2001-12-01,-16.75551751414242,-27.799098002475993,26.869151359383558,1.4194181684391631
2001-12-02,-14.558284542603705,-28.165943506556577,27.99891571395369,-1.6754543291849056
2001-12-03,-15.742626308991227,-27.78470992028287,28.136538451435715,-0.21883741673328605
2001-12-04,-15.582147181244094,-26.11245526040387,26.83488205800801,0.6240319507124131
2001-12-05,-17.687285204112563,-25.72964029768745,26.366102566966077,2.96983706352704
2001-12-06,-18.436183857681,-26.48504321337218,28.08471938482913,2.647465945802048
2001-12-07,-17.752127882985206,-24.69943138676126,26.89458247310953,2.3677941947753247
2001-12-08,-18.876288679482762,-24.65918952326458,26.804351123910845,3.043945573051263
2001-12-09,-20.09156585126076,-24.99887395295985,27.680294025597803,4.332876983261956
2001-12-10,-18.447662978814932,-27.23212997947143,29.208770907244865,5.132481769755209
2001-12-11,-15.256793766238433,-26.432501543835706,28.335889479561555,4.91178983211223
2001-12-12,-14.57732868847449,-26.27489901596208,27.315778309167158,4.606868334910741
2001-12-13,-12.893404285044676,-26.69069127766614,26.31978019737229,3.574896369064967
2001-12-14,-13.189571597732893,-27.33960582190916,24.202570938120612,2.854895658118856
2001-12-15,-14.990740858517787,-27.391596489620923,22.956831029929518,2.799550807622205
2001-12-16,-15.505384725581724,-28.50277915427021,22.943497687024987,2.033065614138441
2001-12-17,-14.058903425845745,-30.16066123467868,25.039641779759272,1.9413724058586597
2001-12-18,-15.396809900080067,-29.44616626426234,24.581100078048845,0.5302198144657675
2001-12-19,-13.92584985718614,-29.015761923269768,24.75003483545486,1.3472101726923156
2001-12-20,-13.094725962298696,-27.522697012944317,25.751693986014875,0.7837660018536401
2001-12-21,-11.67504618076305,-25.413891612401777,25.057374967745584,1.8801788337194723
2001-12-22,-11.408074079226854,-25.466806042249235,26.338053526837996,0.36576587656054804
2001-12-23,-12.336994345312998,-25.06071853784791,25.975833655220438,0.4676217711895872
2001-12-24,-14.94700325024554,-26.908435124871794,25.988656539210037,1.4734431247918092
2001-12-25,-14.853107933010127,-26.255968525040704,25.749648009838936,0.21746859359972692
2001-12-26,-13.219214789331435,-26.148826841503425,25.61615777041867,0.5508449764088685
2001-12-27,-13.13659995130334,-25.66073151710236,24.564669663713484,1.783679815106205
2001-12-28,-13.448657203354648,-25.57829235267407,24.553919183640193,2.3112804519283556
2001-12-29,-13.183742768001933,-24.463590836709482,25.339049320097587,1.6822401733089536
2001-12-30,-14.344266547827326,-25.343543633737756,25.31162679436508,1.6229139228786835
2001-12-31,-13.725658397876323,-25.989389575095736,25.63936602664069,1.6394537700669232
2002-01-01,-12.193914025668992,-26.00401608243522,24.501861644559664,2.10551225886337
2002-01-02,-14.118228445233566,-25.32902387966981,25.412774288908082,1.6553255187772706
2002-01-03,-14.319823337107398,-25.666897567838618,25.258723142902962,1.377981020564806
2002-01-04,-16.944023437828946,-26.327703857503987,25.596681368326806,2.4511028961249215
2002-01-05,-17.75880570296796,-26.96417924214025,24.852755755869335,4.208253135191878
2002-01-06,-18.238475297938653,-28.523089154127113,23.5681864459232,4.390802399741811
2002-01-07,-16.917754304982655,-27.795829465435876,21.53113222057632,3.5899841185378447
2002-01-08,-15.849733463109647,-26.694251624884764,21.632458096785566,1.7670378571694534
2002-01-09,-16.321138808170613,-25.615727597341014,22.62698004847869,1.1287953448719406
2002-01-10,-15.078215132320272,-26.275844037528106,21.647327225803565,1.284495556233424
2002-01-11,-13.430965619648216,-26.70146598649571,20.658249344915436,1.2751745482920593
2002-01-12,-15.516921512869935,-24.688929992177037,21.09528069908625,2.3011891246677973
2002-01-13,-15.682306326434963,-24.611541644171176,21.077406618070473,0.33516344805156173
2002-01-14,-15.904654462834268,-24.430497262238287,19.9308196974167,0.3975745587394419
2002-01-15,-15.926201450948321,-24.82926008760079,19.162492833904842,0.7750111662928079
2002-01-16,-14.973342720049931,-24.845364390912604,18.275784932749918,0.304075684872308
2002-01-17,-15.81375166224654,-24.914410296456644,17.51886873838776,0.3333040270475815
2002-01-18,-15.433392555753509,-25.670965075027578,19.257487275630265,-0.362504887319344
2002-01-19,-16.73505598695282,-26.280502297797398,19.526526660966717,-1.4028099232501823
2002-01-20,-15.984149530173713,-24.872795151210145,18.923077253107298,-1.1982201132289005
2002-01-21,-15.973295724418277,-25.5111151441601,20.639541389845718,-2.4068091617217884
2002-01-22,-15.327593196000635,-24.951362694952905,20.88367315104002,-3.5255026450345595
2002-01-23,-15.786267077822812,-23.762470384150753,21.036494501685237,-4.229501956918674
2002-01-24,-15.866970292894713,-22.309896670187946,20.745935880856177,-2.0166560177385744
2002-01-25,-17.092272442584335,-21.76284377495667,21.832474866147077,-0.5771168597348655
2002-01-26,-17.95095084890637,-20.86848717163768,20.444435255425162,-0.8671564442109327
2002-01-27,-17.15222907161291,-20.7665118690926,20.846964054343054,-1.827707441425337
2002-01-28,-17.25965682127585,-18.866451743153572,21.177607847808485,-3.4010776507095315
2002-01-29,-18.627031378671173,-18.06543209364529,20.09960957482464,-4.096115037753324
2002-01-30,-18.248007246869598,-18.190668723890138,19.721025517671514,-3.0824552188217176
2002-01-31,-19.270109392710538,-16.817407717890344,21.210846970244752,-1.5151487811582924
2002-02-01,-19.274022750051607,-17.212606367159513,20.125567620346487,-1.7104551937389192
2002-02-02,-19.97314470530525,-17.677996507953555,19.277070908967385,-0.6275239756254791
2002-02-03,-19.94248629015733,-17.860662408819476,19.991314060074387,-0.4860301623156137
2002-02-04,-20.53670283232689,-17.208301695203325,19.751704109060846,-0.9194645657206373
2002-02-05,-19.484490148014768,-19.59312608856115,19.513347544220263,-2.151544928318119
2002-02-06,-19.43652946567253,-18.629917335823407,19.318571208688706,-2.7749723712775656
2002-02-07,-19.761262682340462,-17.955546911182342,18.682599703648815,-4.4185673515778126
2002-02-08,-19.50444091186675,-19.482764129114646,19.68318930174816,-3.3995421888147153
2002-02-09,-20.27741582495276,-18.76262636582356,22.002493460722413,-3.1360337864112635
2002-02-10,-20.933149864036356,-18.853585546932102,20.980863141770747,-4.643810432158539
2002-02-11,-22.349495237663742,-19.5771581456071,20.16359319280086,-5.406761322782608
2002-02-12,-22.098564603008743,-20.271296541479455,21.025693602447625,-5.283165195632944
2002-02-13,-23.20198043951409,-20.197739832787203,21.11245962250887,-4.7954678930344885
2002-02-14,-22.976753179464378,-20.035243077618304,21.03624829599136,-5.94214560443467
2002-02-15,-24.022056161125963,-21.35258291462989,20.274966047477307,-6.298512361229975
2002-02-16,-24.760410325946218,-18.343169940276884,19.096908350061913,-5.43614655985442
2002-02-17,-23.465548708197765,-17.65058217040585,19.058724329156057,-4.889152592590531
2002-02-18,-21.95382904964946,-19.387660212782034,19.248319705872806,-5.072893219388416
2002-02-19,-21.036566064887715,-20.127545494908443,18.729922635890325,-5.525345820606289
2002-02-20,-20.553908433200192,-19.32022695205044,18.54791738279994,-5.984190666998247
2002-02-21,-20.556584464736368,-19.27442358716448,17.23444601462941,-6.234896256012132
2002-02-22,-21.686236555922193,-18.11059185251623,17.0374560849964,-7.029533139391227
2002-02-23,-22.938974741123157,-17.431087113817263,15.885566320333501,-6.6739880212626135
2002-02-24,-22.948930592443702,-15.69657092543453,14.775660489539879,-7.077220338567916
2002-02-25,-23.766364175692264,-14.21195519440349,15.303440200988286,-5.918924773923099
2002-02-26,-23.921018573381037,-14.369781357005866,13.491638005043479,-7.336369475343579
2002-02-27,-23.687289826577132,-14.745907868580723,14.390728436055662,-8.103191837996018
2002-02-28,-24.25277444549632,-14.291948157482423,12.407185564549591,-8.650324164702555
2002-03-01,-26.033265876778973,-12.929752391790732,10.669173203359572,-9.01460084082734
2002-03-02,-26.77283072720765,-12.739205726026432,11.423901428998532,-8.833503975291345
2002-03-03,-26.674665620550243,-12.26853596950983,9.706123589359729,-9.128814633578614
2002-03-04,-27.039491486165332,-12.597639550092195,11.00311948756439,-9.647971525525813
2002-03-05,-27.21449408946011,-14.750355387426128,10.72820041866151,-10.62686553954735
2002-03-06,-27.09286682671703,-14.42430164121954,9.433124777209581,-11.875792708208511
2002-03-07,-27.051812519641718,-17.31089471119106,7.822147082051328,-12.446399701864042
2002-03-08,-27.72101635093823,-17.714976998455235,7.963976578784,-13.086753389229806
2002-03-09,-28.06842427491156,-17.390569977717217,8.723290871347785,-12.218979692774845
2002-03-10,-28.544074599047498,-18.28590236049748,8.5864084910631,-12.279763997876273
2002-03-11,-29.341633503615604,-17.659801572027764,7.497037498645524,-12.388333493261998
2002-03-12,-28.97862815202405,-19.342718727964506,7.515545997219658,-12.260186001059752
2002-03-13,-27.44713085010492,-18.30645880756565,7.420506611612104,-12.097313011753071
2002-03-14,-26.072488035644444,-17.625091891697142,6.648069128886653,-12.704962527650492
2002-03-15,-26.721430960253077,-19.634757801862726,8.254145853245532,-14.345119967601498
2002-03-16,-26.04198452020246,-19.042779301658726,7.336351047552978,-14.416711834942928
2002-03-17,-24.670233415453335,-18.77503594376883,5.976003752917786,-14.617714681660615
2002-03-18,-25.9918806747462,-18.64434386262856,7.229117259808609,-13.949182880319853
2002-03-19,-26.261485032069874,-17.545029866521645,8.72057355508676,-15.135338873407266
2002-03-20,-25.599107864033048,-18.435714372510745,7.989226904290834,-13.750774629528571
2002-03-21,-25.360402345222052,-20.236576570629875,9.846097616782528,-12.287219470184885
2002-03-22,-25.479343895144453,-19.156503378860336,9.273091276753556,-13.034497257689107
2002-03-23,-26.1633417429378,-18.497149532198545,10.844692748822801,-11.79020896372172
2002-03-24,-24.61184800260006,-17.768853563480846,12.048865338339695,-11.489112225410054
2002-03-25,-23.384925852051715,-17.906834734522324,10.715791237150015,-12.36702960405204
2002-03-26,-24.498958857817172,-19.513489917339687,11.95713821484701,-11.891157405556287
2002-03-27,-25.688188205917573,-19.337447956299773,12.96016410864955,-11.550771478493925
2002-03-28,-26.475081381259713,-20.571016495943038,12.020997946013473,-12.696183391562823
2002-03-29,-27.27511326379614,-19.899540140476677,10.816814005982021,-13.807697306358602
2002-03-30,-28.310912439835697,-19.37950813744181,11.43697023418218,-12.599991617611204
2002-03-31,-28.343712882805647,-19.545023417401662,9.421664265276132,-12.990589441057065
2002-04-01,-28.414647211238844,-20.265646984435456,8.545094772687175,-11.079974669546107
2002-04-02,-28.779195762261295,-18.511498679872247,7.078171470130227,-11.027937680049245
2002-04-03,-29.115987739873546,-17.974541793071403,6.496952015606284,-13.465137324484825
2002-04-04,-29.661766966858305,-18.35163967552772,5.404089199512347,-11.78679447902566
2002-04-05,-29.194399191376842,-18.411205077543347,4.243087014357754,-11.862564859791377
2002-04-06,-29.4433336043684,-17.638606363160935,4.8641518519554445,-12.3340689202811
2002-04-07,-28.24380769134092,-18.247587304119012,5.282327224505412,-13.917115526335616
2002-04-08,-27.85059031463801,-18.98210734716927,4.984795118719578,-14.662358637150936
2002-04-09,-27.892237674461516,-20.529267420882846,5.7872534541945395,-15.12652644881605
2002-04-10,-27.213466014781336,-21.085973170158958,5.774767408606153,-13.057268358402306
2002-04-11,-28.269439181588506,-19.599289993933407,7.377992360860911,-13.230681920071618
2002-04-12,-27.48257667316648,-18.55929867281215,7.399475829212093,-14.301170365630536
2002-04-13,-27.26257128793602,-18.253307781563294,7.918684803667673,-13.651591802311657
2002-04-14,-25.872522489462515,-17.660496064446537,7.9734008337163464,-14.568325952529543
2002-04-15,-25.321920516853982,-14.732494172825483,6.610879665704327,-13.616639500929274
2002-04-16,-25.02753780793802,-13.369540521748592,7.163371602874109,-14.469371227727823
2002-04-17,-23.60246192470008,-14.23887786008962,8.847144958467151,-14.315048773242287
2002-04-18,-24.299755965991462,-15.020061914759395,8.1616693869394,-14.424076684486836
2002-04-19,-23.51290386195988,-16.229389356078947,9.295573722910644,-14.000369508613193
2002-04-20,-23.356730591886844,-15.002299325375485,9.507569509538996,-15.370318029096428
2002-04-21,-21.50921714624508,-13.841264860037363,9.586340290934968,-15.089765539008338
2002-04-22,-21.838583156759196,-13.911870341729001,10.753380484237528,-14.94061941986904
2002-04-23,-22.35530100563354,-12.74410432050721,10.251944510281874,-16.310551715732185
2002-04-24,-22.472480535084166,-12.939448362941151,9.420155600805993,-15.831010074554756
2002-04-25,-22.157750556390646,-12.52019858768668,7.327095562731132,-15.839110046967548
2002-04-26,-21.169130456454205,-11.643111481017959,7.046724883293926,-16.09114148391298
2002-04-27,-21.815114802980148,-12.29755215331345,7.404999234818333,-15.909326815886816
2002-04-28,-22.394357654658794,-11.95322876093244,7.579977666324833,-16.619119473542202
2002-04-29,-22.53610975818841,-10.614950074723176,7.431360349779329,-16.433473534800523
2002-04-30,-23.835643618486433,-10.244791077138851,6.9161276439455195,-14.94660356191116
2002-05-01,-23.142363701281795,-11.223770163320276,7.551128376018521,-14.41917497307073
2002-05-02,-21.83164639420124,-9.615188880125487,6.902805776042076,-12.859144206329693
2002-05-03,-22.074176535369354,-10.398898429247948,7.876263335284715,-11.977477715035507
2002-05-04,-21.723454832164,-10.245875912430439,8.31888880942763,-13.511888556680459
2002-05-05,-23.96811067769024,-11.818491127972003,8.767146562314089,-14.234884003246824
2002-05-06,-23.99016778862874,-11.120751189527581,10.538724058365489,-13.015264485916372
2002-05-07,-24.545824204244564,-11.412685724386812,11.578545169510878,-14.60952195490262
2002-05-08,-24.05282385183094,-11.413297682749151,9.505924955143955,-14.595469170206878
2002-05-09,-26.157471784662828,-9.523929943786136,11.130313757781316,-14.73970590648439
2002-05-10,-26.467800831815577,-10.320005028360486,9.721269654816282,-15.253656406952251
2002-05-11,-27.490570672703615,-8.822222618398065,10.459144576239888,-15.18790586224855
2002-05-12,-26.183693638591443,-7.408874107387149,8.862617490052047,-16.776004225225588
2002-05-13,-25.893436910138217,-6.735584219020279,6.776124840500676,-16.35778305580725
2002-05-14,-27.071499356802487,-7.35786756355947,8.000690271498,-17.249777422001223
2002-05-15,-25.81839658192401,-8.866975793017005,8.167547419262718,-16.718260811516377
2002-05-16,-26.268689537392394,-10.070318689429053,8.49382006990812,-17.025578530327692
2002-05-17,-24.43600716589578,-11.983797776992201,7.402293433173011,-18.128873266281154
2002-05-18,-24.240039222870443,-12.004946191093024,7.924439871590327,-17.568237781040793
2002-05-19,-22.57741882492138,-12.042426822189332,8.32204586050631,-16.026986276960812
2002-05-20,-21.541435072170163,-11.02453670228395,8.811551906999865,-15.505579521930208
2002-05-21,-21.48412045599252,-11.594115109783424,7.487030072456793,-16.840073450201995
2002-05-22,-19.384023191802072,-10.954274346355552,9.363444237598225,-16.582720969885564
2002-05-23,-19.43202095995742,-10.833967949691496,9.053339187462635,-17.94440815321109
2002-05-24,-19.485339892091027,-10.95245168104642,7.6203697902190415,-19.97327017136942
2002-05-25,-18.2362822560258,-12.337188872259683,6.712102773105898,-20.198856516456715
2002-05-26,-16.826859374220607,-12.27823278228153,7.9442837863880245,-20.64040641271943
2002-05-27,-17.21383921603106,-12.162452595203016,7.055091028038938,-21.211454834262376
2002-05-28,-16.894113226330816,-10.442481882461037,7.7524396598420475,-22.9847750747251
2002-05-29,-15.436196265695031,-9.967688940427859,7.6262061369966325,-26.132110796968703
2002-05-30,-14.856839272245185,-12.086612891719296,7.644978753924676,-25.760429014489752
2002-05-31,-14.464228457955626,-12.060142434709599,9.322784073107428,-25.430549549495225
2002-06-01,-14.67081246361976,-12.342183733410451,8.730444463409903,-25.520452915752138
2002-06-02,-14.22260829950762,-10.973591009264577,8.508533909338226,-26.09526362194237
2002-06-03,-15.192705979278653,-9.460638254404756,7.32433848640213,-26.027885132318275
2002-06-04,-17.251743549101118,-10.979209960793211,8.207025903925548,-26.920009468390145
2002-06-05,-15.990719727291186,-10.963680884349502,8.449537283714788,-26.559514696530616
2002-06-06,-16.103324707491698,-12.083740629426266,9.716917244963707,-28.49535511301509
2002-06-07,-15.44929582944866,-11.708487351435908,10.746968422787239,-28.37653860396183
2002-06-08,-14.914135368694728,-12.475037599851543,10.450211423772606,-29.060266607610522
2002-06-09,-15.421547381565514,-12.462996650395858,10.66602447413375,-30.73495168991485
2002-06-10,-14.059243898348731,-13.287483684787716,10.604892546667244,-30.271246998278453
2002-06-11,-14.60630908933955,-11.599846377768785,10.991675154965062,-30.10721168228381
2002-06-12,-14.809516532451026,-11.295619917630608,11.71375996950896,-31.847657377540106
2002-06-13,-14.893052231801882,-11.419968843804945,10.784807643590492,-31.646989247741242
2002-06-14,-13.75175019859539,-10.952751785858112,10.714241433884496,-31.675402241624166
2002-06-15,-12.548419330540291,-9.168438464368831,9.909582804232768,-31.488509667597285
2002-06-16,-12.55295875145515,-9.936483013271475,8.39829813627906,-30.3786212891807
2002-06-17,-13.014715754727177,-8.363071462320871,9.000068014771859,-30.65698068689763
2002-06-18,-11.527779158225421,-6.59894982448744,9.668472227040231,-32.26074251175247
2002-06-19,-9.735304932920863,-7.1287399333749155,10.774532320050538,-31.521477256380265
2002-06-20,-9.57608277412647,-7.485737179412238,11.071275800698782,-31.615120538976925
2002-06-21,-10.162384611355204,-6.254515486391782,11.09609822405822,-29.27747986786279
2002-06-22,-9.650152797297567,-6.657529948726581,13.122513259047498,-28.480518325793867
2002-06-23,-10.218586955477353,-6.8627724931947665,14.210695719640672,-26.66573340852587
2002-06-24,-7.606906783603874,-6.828313096997503,15.761377539841783,-25.569574224017128
2002-06-25,-6.187549064559367,-8.562399344562039,17.760784828017677,-25.207315916372227
2002-06-26,-6.084389379917611,-9.924687160639472,16.349518299092153,-24.418964628601334
2002-06-27,-5.983659233718084,-9.75999657483307,17.455423322882208,-23.050605641749485
2002-06-28,-7.132075610736221,-11.081416210472373,17.450011838892806,-21.275807274608855
2002-06-29,-5.788915426680999,-11.842301572857094,17.50612663021131,-21.31987438039894
2002-06-30,-5.110020409999957,-13.08225281784343,18.764471833877412,-20.835516179725072
2002-07-01,-4.437374963346391,-13.981857155622873,19.44742239326759,-21.040968579419058
2002-07-02,-3.1046139493389084,-13.481054955419008,18.880207829813628,-22.792551995870387
2002-07-03,-4.172103099053123,-12.218081747128005,18.24411472718318,-22.646993830412438
2002-07-04,-4.865328859646295,-10.847944568976324,17.29202336383843,-21.980608618203885
2002-07-05,-4.520432019663163,-10.544253069774513,16.641881944265563,-20.73028296144367
2002-07-06,-4.925507179281567,-11.147014796777148,16.033939079073445,-21.268204838470457
2002-07-07,-5.244750928545384,-11.369549504422398,16.121115136100023,-20.037289045880563
2002-07-08,-6.569893554800853,-9.847514603725875,15.242291836973289,-20.687721181580308
2002-07-09,-5.754861651111239,-8.446316253957107,16.24061342499651,-19.552169382125424
2002-07-10,-5.134268586139629,-7.076600907938446,16.927727270642517,-18.997498751999448
2002-07-11,-4.878704438132112,-7.310082106764569,15.262118347698133,-18.59664525630883
2002-07-12,-5.731043738557496,-7.054384440887425,14.590125690091762,-20.236511200481644
2002-07-13,-5.486853634104845,-8.787480117598678,14.12192269587575,-19.99955295475769
2002-07-14,-5.060057030723686,-7.247254941134428,15.953855984571204,-19.506301506038092
2002-07-15,-6.414678194398442,-8.383300387268156,14.33433651507309,-17.539336861010295
2002-07-16,-7.178445276314921,-9.683015134660243,15.318295553791986,-16.893791039738403
2002-07-17,-6.761880802225268,-9.201452515959346,14.126760042501294,-17.81645688462841
2002-07-18,-7.0601259247413575,-7.578464313249823,15.122589424530993,-17.45567703323703
2002-07-19,-9.51390420047931,-8.088566994661457,16.883020499726886,-17.529976349803835
2002-07-20,-10.115594146231858,-7.593499035601625,15.58257532733369,-19.182868112568535
2002-07-21,-10.099337267774752,-6.594003338743015,17.221049610486467,-19.32131341578955
2002-07-22,-11.059083857224563,-6.248613723321863,16.72259199773369,-17.633898994670318
2002-07-23,-11.446547611170299,-5.576831682804323,15.920710277187014,-15.646949168100724
2002-07-24,-10.027432376125843,-6.981001511866023,16.154799101830495,-14.559380876243441
2002-07-25,-10.213682567984746,-5.1952203777644534,14.959889539758617,-12.985798408651686
2002-07-26,-10.687243416800516,-5.116227088737883,14.033511331720222,-12.098179075376416
2002-07-27,-9.624823656350456,-5.530566501434962,13.294071557247358,-12.149821317831721
2002-07-28,-10.246031940303032,-6.920423596242953,13.210442838966276,-11.614969317667878
2002-07-29,-8.933125953716175,-7.6787510296559915,13.943716784093782,-11.146102826248905
2002-07-30,-9.405010564233994,-7.589212877078427,13.790916990451661,-10.431913280809038
2002-07-31,-10.208871850587359,-6.893254156166576,13.591156190112562,-10.838745210956693
2002-08-01,-9.813982462069406,-6.941410335839839,12.655340708513819,-10.517624223436695
2002-08-02,-9.523860700154586,-7.9734701549297995,11.243503956248784,-11.980879813452152
2002-08-03,-9.250984654344336,-8.858969773372092,11.40839259531986,-11.300139964832288
2002-08-04,-9.36189085171958,-8.455168994403495,10.776132973067533,-11.853593068469095
2002-08-05,-8.867519455189498,-8.344936804283918,10.25270094012648,-12.404952724813432
2002-08-06,-8.560396984356345,-7.784906851721608,8.56299335356006,-11.597600408735289
2002-08-07,-8.494076164757304,-8.937458158937584,9.397058652554747,-10.890670095489005
2002-08-08,-8.103496310181262,-9.158895517645615,8.637126529084954,-13.217193600905603
2002-08-09,-8.594974844148679,-9.72481073127044,8.880286432273788,-14.27019072090812
2002-08-10,-8.511586959872634,-9.590476749856263,8.095320360870314,-14.047057998717131
2002-08-11,-8.649285375609379,-9.226475140277921,7.314398795814113,-13.882038923547299
2002-08-12,-8.45616156484939,-7.856291343338853,8.136874094941643,-14.581551904816813
2002-08-13,-8.123223955533014,-7.360449955245791,7.43106382566778,-15.515521857493491
2002-08-14,-10.294061109081822,-8.031154188716265,7.27607417666772,-14.39485469611307
2002-08-15,-9.231793120384742,-7.861389698868419,9.031165100564543,-13.372219820079643
2002-08-16,-10.648561729510844,-7.5880472901003975,9.511106564422603,-13.157503328640624
2002-08-17,-11.517316979803587,-7.4425684701140264,9.153193814096538,-15.019174598751018
2002-08-18,-11.231428460331507,-7.836460141241201,7.917638360613864,-16.477156002164442
2002-08-19,-10.782214198081856,-8.641399212455383,7.279318044739968,-17.471484879813758
2002-08-20,-10.81487211606735,-8.297559474841764,9.241755924851685,-17.08210095678118
2002-08-21,-10.67931944996551,-7.78532487547316,8.666256473366595,-15.89351504841474
2002-08-22,-9.975852050913662,-8.00033575939589,7.034636168681758,-15.725613426627643
2002-08-23,-10.0871958729866,-7.605833911759671,5.657365720438485,-14.774304136015116
2002-08-24,-8.899944192967363,-6.733710126299844,5.9184196785518,-15.235060071239175
2002-08-25,-10.062239679648421,-5.38418277376036,5.045639033865677,-15.287395097754565
2002-08-26,-10.90172949421106,-5.50853261785754,6.863876128044566,-15.793905679557849
2002-08-27,-10.688002018547067,-7.054275759660011,7.3437413206869575,-16.382909342616315
2002-08-28,-10.846914314380884,-6.543035848113392,6.95367492045564,-14.924411583461076
2002-08-29,-10.524605826559062,-5.600907705505222,8.977287205240115,-15.345479151110158
2002-08-30,-11.079797501160796,-6.002314747523951,7.937960495577679,-15.074950946522796
2002-08-31,-12.116574889718523,-5.600073468998689,7.434588725625057,-14.655242369261774
2002-09-01,-11.445223176487035,-6.167918757891365,7.15893366027604,-14.334819585354934
2002-09-02,-11.60267062544245,-5.48463024672275,5.91724396916449,-15.051690685972948
2002-09-03,-13.288544713101315,-6.127315086281108,4.977074062515895,-14.140363466554465
2002-09-04,-14.169002276908515,-4.09548500406283,4.614869748933413,-13.772101748079816
2002-09-05,-17.16805060988585,-3.323791143643377,4.62106654412575,-13.801134660962449
2002-09-06,-17.47217782881491,-1.951071013925411,4.905827206503078,-14.819142248771787
2002-09-07,-18.626970532405387,-2.2251785343541517,4.886320342628733,-13.476652261197964
2002-09-08,-19.53515538604927,-3.4356538805634527,6.066633485229309,-13.346784046437174
2002-09-09,-18.73872072366818,-1.9613994535697994,6.935725271091762,-13.193496451390446
2002-09-10,-20.602519579036503,-0.6393641647897703,6.66016909821121,-12.45145167407592
2002-09-11,-20.77515419294288,-1.3996995666488998,7.150266961230228,-11.206100750278196
2002-09-12,-19.55093091371655,-0.6398396814732805,9.482268940115773,-11.146858902372879
2002-09-13,-18.900878747075083,-0.4312724550559277,8.377398270450659,-9.785043816733122
2002-09-14,-19.47742158125463,0.44530946741525446,9.203481521181557,-9.816977523715735
2002-09-15,-19.746640242835895,-0.07689942997015753,10.637150485760808,-11.549773256088478
2002-09-16,-20.305687448685724,-1.1178050848058168,10.61259388240981,-13.447521104903021
2002-09-17,-20.974798427370445,0.8428108519707664,12.075469104731575,-15.292722929368415
2002-09-18,-20.57931693031861,1.5275268716794166,10.648872882840358,-15.95565575565597
2002-09-19,-20.332720570970967,2.545952120943798,10.848966082830671,-16.01957922744645
2002-09-20,-20.312112041082496,3.0547232748015785,11.71776431954715,-15.98679165622084
2002-09-21,-19.954665672221545,2.1281759759696377,10.052526492439437,-16.20955921868219
2002-09-22,-18.500717294411622,2.2978233808269968,8.188523532584659,-15.25171075142779
2002-09-23,-19.067222597927774,0.8943757874431437,8.208807961434298,-15.158506382863155
2002-09-24,-20.04611220034255,1.4345645743743072,10.590742136409377,-15.050102441097343
2002-09-25,-20.210464653751682,0.24089761188975767,10.300971499330979,-15.798302621629832
2002-09-26,-20.77001442188119,-0.06525692627871837,8.724620520235366,-15.966864459051195
